dataset,noise,model,k,k_accuracies
gsm,clean,gemma-3-12b-it,1,"[0.91963609 0.91205459 0.91205459 0.91053829 0.91811979 0.91053829
 0.91053829 0.90371494 0.91508719 0.91736164 0.90826384 0.91053829
 0.91357089 0.91357089 0.90219864 0.91281274 0.90902199 0.91584534
 0.91357089 0.90523124 0.91053829 0.90750569 0.90523124 0.91432904
 0.90750569]"
gsm,clean,gemma-3-12b-it,5,"[0.93479909 0.93631539 0.93707354 0.93404094 0.93707354 0.93631539
 0.93479909 0.93252464 0.93631539 0.93404094 0.93328279 0.93176649
 0.93404094 0.93328279 0.93328279 0.93479909 0.93707354 0.93783169
 0.93555724 0.93328279 0.93328279]"
gsm,clean,gemma-3-12b-it,10,"[0.93707354 0.93934799 0.93934799 0.94313874 0.94010614 0.93631539
 0.93858984 0.93858984 0.93707354 0.93631539 0.93858984 0.93934799
 0.93783169 0.93783169 0.93707354 0.93631539]"
gsm,clean,gemma-3-12b-it,15,"[0.93934799 0.94162244 0.94162244 0.94238059 0.94086429 0.94238059
 0.94238059 0.94162244 0.94010614 0.93783169 0.93858984]"
gsm,clean,gemma-3-12b-it,20,[0.94086429 0.94010614 0.94162244 0.94238059 0.94162244 0.94238059]
gsm,clean,gemma-3-12b-it,25,[0.94238059]
math,clean,gemma-3-12b-it,1,"[0.65 0.61 0.59 0.58 0.68 0.55 0.61 0.61 0.59 0.65 0.6  0.6  0.6  0.61
 0.59 0.65 0.6  0.62 0.55 0.6  0.59 0.64 0.59 0.57 0.57]"
math,clean,gemma-3-12b-it,5,"[0.67 0.64 0.63 0.65 0.67 0.6  0.64 0.65 0.67 0.69 0.64 0.65 0.63 0.65
 0.67 0.68 0.6  0.64 0.61 0.64 0.63]"
math,clean,gemma-3-12b-it,10,"[0.67 0.67 0.66 0.67 0.69 0.62 0.66 0.66 0.67 0.69 0.67 0.64 0.66 0.68
 0.66 0.67]"
math,clean,gemma-3-12b-it,15,[0.66 0.66 0.68 0.66 0.68 0.65 0.66 0.66 0.69 0.69 0.65]
math,clean,gemma-3-12b-it,20,[0.69 0.69 0.7  0.68 0.69 0.65]
math,clean,gemma-3-12b-it,25,[0.68]
mmlu,clean,gemma-3-12b-it,1,"[0.85930123 0.84608121 0.85269122 0.84891407 0.85174693 0.84608121
 0.85174693 0.84891407 0.85457979 0.85269122 0.85552408 0.84324835
 0.85269122 0.8470255  0.85080264 0.85457979 0.8394712  0.84324835
 0.84419263 0.85269122 0.85174693 0.84419263 0.85080264 0.86213409
 0.85646837]"
mmlu,clean,gemma-3-12b-it,5,"[0.8687441  0.86496695 0.86496695 0.86213409 0.87063267 0.86968839
 0.87157696 0.8687441  0.87535411 0.86213409 0.86685552 0.86496695
 0.85930123 0.86496695 0.86779981 0.86402266 0.8611898  0.8611898
 0.86307838 0.86968839 0.86496695]"
mmlu,clean,gemma-3-12b-it,10,"[0.87252125 0.87440982 0.87157696 0.87440982 0.87252125 0.87063267
 0.87346553 0.87440982 0.8687441  0.86496695 0.86779981 0.86591124
 0.86591124 0.86968839 0.87157696 0.86779981]"
mmlu,clean,gemma-3-12b-it,15,"[0.87063267 0.8687441  0.8687441  0.86968839 0.87157696 0.86968839
 0.86968839 0.86968839 0.87157696 0.86779981 0.86685552]"
mmlu,clean,gemma-3-12b-it,20,[0.87157696 0.8687441  0.87063267 0.86968839 0.87157696 0.87063267]
mmlu,clean,gemma-3-12b-it,25,[0.87063267]
multiarith,clean,gemma-3-12b-it,1,"[1.         0.98888889 1.         1.         1.         0.99444444
 1.         1.         0.99444444 0.98888889 1.         1.
 1.         1.         1.         1.         1.         1.
 1.         1.         0.99444444 0.99444444 1.         1.
 0.99444444]"
multiarith,clean,gemma-3-12b-it,5,[1. 1. 1. 1. 1. 1. 1. 1. 1. 1. 1. 1. 1. 1. 1. 1. 1. 1. 1. 1. 1.]
multiarith,clean,gemma-3-12b-it,10,[1. 1. 1. 1. 1. 1. 1. 1. 1. 1. 1. 1. 1. 1. 1. 1.]
multiarith,clean,gemma-3-12b-it,15,[1. 1. 1. 1. 1. 1. 1. 1. 1. 1. 1.]
multiarith,clean,gemma-3-12b-it,20,[1. 1. 1. 1. 1. 1.]
multiarith,clean,gemma-3-12b-it,25,[1.]
gsm,clean,gemma-3-4b-it,1,"[0.84836998 0.84988628 0.85216073 0.85746778 0.84685368 0.83851403
 0.85443518 0.84685368 0.84078848 0.85974223 0.85822593 0.85064443
 0.84382108 0.84003033 0.84912813 0.85216073 0.85140258 0.85064443
 0.84836998 0.84382108 0.84761183 0.86050038 0.84609553 0.84533738
 0.85064443]"
gsm,clean,gemma-3-4b-it,5,"[0.89461713 0.89840788 0.89916603 0.90068234 0.89310083 0.89537528
 0.90371494 0.89840788 0.89916603 0.89992418 0.90295679 0.89461713
 0.90523124 0.90068234 0.90371494 0.90068234 0.89764973 0.89689158
 0.89385898 0.89006823 0.89385898]"
gsm,clean,gemma-3-4b-it,10,"[0.90523124 0.90750569 0.90598939 0.90674754 0.90371494 0.90523124
 0.90674754 0.90978014 0.90523124 0.90826384 0.90598939 0.90598939
 0.91053829 0.90523124 0.90674754 0.90447309]"
gsm,clean,gemma-3-4b-it,15,"[0.90902199 0.90902199 0.90902199 0.91053829 0.90598939 0.90826384
 0.90674754 0.90978014 0.90598939 0.90902199 0.90750569]"
gsm,clean,gemma-3-4b-it,20,[0.90826384 0.91053829 0.90978014 0.90826384 0.90750569 0.90902199]
gsm,clean,gemma-3-4b-it,25,[0.90902199]
math,clean,gemma-3-4b-it,1,"[0.56 0.55 0.5  0.49 0.55 0.57 0.54 0.48 0.48 0.53 0.52 0.55 0.55 0.54
 0.48 0.54 0.54 0.59 0.57 0.59 0.49 0.51 0.58 0.54 0.52]"
math,clean,gemma-3-4b-it,5,"[0.6  0.61 0.66 0.61 0.63 0.64 0.61 0.58 0.6  0.64 0.63 0.67 0.62 0.62
 0.64 0.66 0.67 0.64 0.63 0.66 0.58]"
math,clean,gemma-3-4b-it,10,"[0.66 0.66 0.68 0.69 0.69 0.66 0.66 0.65 0.66 0.68 0.67 0.69 0.67 0.66
 0.66 0.68]"
math,clean,gemma-3-4b-it,15,[0.69 0.68 0.69 0.69 0.7  0.68 0.67 0.67 0.68 0.68 0.67]
math,clean,gemma-3-4b-it,20,[0.69 0.69 0.69 0.7  0.7  0.68]
math,clean,gemma-3-4b-it,25,[0.68]
mmlu,clean,gemma-3-4b-it,1,"[0.7299339  0.73371105 0.74032106 0.72521246 0.73937677 0.73559962
 0.72898961 0.73843248 0.73559962 0.71293673 0.74032106 0.71954674
 0.7374882  0.73937677 0.72615675 0.73559962 0.73559962 0.7374882
 0.72615675 0.71104816 0.72049103 0.74126534 0.72615675 0.7223796
 0.7299339 ]"
mmlu,clean,gemma-3-4b-it,5,"[0.76959396 0.78186969 0.76864967 0.76298395 0.7667611  0.76487252
 0.76392823 0.76959396 0.7667611  0.7592068  0.76298395 0.76298395
 0.77053824 0.7733711  0.75637394 0.77431539 0.76581681 0.77525968
 0.76109537 0.76203966 0.76298395]"
mmlu,clean,gemma-3-4b-it,10,"[0.77053824 0.77053824 0.77431539 0.77431539 0.77998111 0.77525968
 0.77053824 0.77242682 0.77148253 0.77620397 0.77620397 0.76959396
 0.78375826 0.77525968 0.76581681 0.77903683]"
mmlu,clean,gemma-3-4b-it,15,"[0.77525968 0.77525968 0.77903683 0.77809254 0.78186969 0.78186969
 0.7809254  0.78470255 0.7809254  0.77714825 0.77903683]"
mmlu,clean,gemma-3-4b-it,20,[0.7809254  0.78281398 0.7809254  0.77809254 0.7809254  0.7809254 ]
mmlu,clean,gemma-3-4b-it,25,[0.77525968]
multiarith,clean,gemma-3-4b-it,1,"[0.97777778 0.97777778 0.97222222 0.97777778 0.97222222 0.96111111
 0.97777778 0.94444444 0.96666667 0.96111111 0.98333333 0.96666667
 0.97222222 0.96666667 0.96111111 0.97777778 0.96111111 0.96666667
 0.98333333 0.97222222 0.94444444 0.96666667 0.98333333 0.96111111
 0.97222222]"
multiarith,clean,gemma-3-4b-it,5,"[0.99444444 0.98888889 0.98333333 0.98888889 0.99444444 0.98333333
 0.98888889 0.98888889 1.         0.99444444 1.         0.99444444
 0.99444444 0.99444444 0.99444444 0.99444444 1.         0.99444444
 1.         0.99444444 0.99444444]"
multiarith,clean,gemma-3-4b-it,10,"[1.         0.99444444 0.98888889 1.         1.         0.99444444
 0.99444444 0.99444444 1.         0.99444444 1.         1.
 1.         0.99444444 0.99444444 0.99444444]"
multiarith,clean,gemma-3-4b-it,15,"[1.         0.99444444 1.         1.         1.         0.99444444
 1.         1.         1.         0.99444444 1.        ]"
multiarith,clean,gemma-3-4b-it,20,[1.         1.         1.         1.         1.         0.99444444]
multiarith,clean,gemma-3-4b-it,25,[1.]
gsm,clean,Llama-3.1-8B-Instruct,1,"[0.63153904 0.62547384 0.62244124 0.63912055 0.6520091  0.63912055
 0.61334344 0.61182714 0.64670205 0.63305534 0.62699014 0.6520091
 0.62774829 0.6444276  0.6383624  0.63760425 0.62395754 0.62092494
 0.63457165 0.62092494 0.64366945 0.63229719 0.62623199 0.62395754
 0.62092494]"
gsm,clean,Llama-3.1-8B-Instruct,5,"[0.78468537 0.79454132 0.78089462 0.78165277 0.83093252 0.78544352
 0.78620167 0.81349507 0.84230478 0.82410917 0.80818802 0.81880212
 0.79454132 0.78695982 0.78771797 0.78013647 0.77331312 0.79075057
 0.80818802 0.79909022 0.80515542]"
gsm,clean,Llama-3.1-8B-Instruct,10,"[0.88627748 0.88779378 0.88248673 0.88627748 0.88627748 0.89006823
 0.88931008 0.89082638 0.88855193 0.88324488 0.88627748 0.88931008
 0.88703563 0.88551933 0.87414708 0.88021228]"
gsm,clean,Llama-3.1-8B-Instruct,15,"[0.90371494 0.89764973 0.90523124 0.90144049 0.90598939 0.90674754
 0.90598939 0.91053829 0.90598939 0.90750569 0.90371494]"
gsm,clean,Llama-3.1-8B-Instruct,20,[0.90902199 0.90902199 0.91205459 0.91129644 0.91281274 0.91205459]
gsm,clean,Llama-3.1-8B-Instruct,25,[0.91281274]
math,clean,Llama-3.1-8B-Instruct,1,"[0.25 0.22 0.25 0.25 0.19 0.21 0.22 0.2  0.27 0.21 0.27 0.2  0.24 0.22
 0.26 0.23 0.27 0.23 0.23 0.27 0.2  0.22 0.27 0.17 0.28]"
math,clean,Llama-3.1-8B-Instruct,5,"[0.35 0.34 0.36 0.35 0.32 0.31 0.39 0.36 0.38 0.39 0.41 0.39 0.4  0.39
 0.38 0.41 0.35 0.36 0.36 0.39 0.38]"
math,clean,Llama-3.1-8B-Instruct,10,"[0.46 0.46 0.47 0.47 0.44 0.45 0.46 0.44 0.47 0.48 0.49 0.48 0.48 0.44
 0.48 0.48]"
math,clean,Llama-3.1-8B-Instruct,15,[0.52 0.51 0.52 0.49 0.5  0.51 0.49 0.46 0.52 0.53 0.52]
math,clean,Llama-3.1-8B-Instruct,20,[0.53 0.53 0.52 0.49 0.48 0.5 ]
math,clean,Llama-3.1-8B-Instruct,25,[0.54]
mmlu,clean,Llama-3.1-8B-Instruct,1,"[0.51558074 0.52124646 0.51558074 0.5184136  0.52407932 0.51274788
 0.52880076 0.52596789 0.51652502 0.5325779  0.52407932 0.51935788
 0.50141643 0.50708215 0.5325779  0.5184136  0.47780925 0.53824363
 0.52785647 0.51652502 0.54957507 0.48536355 0.50519358 0.52313503
 0.52124646]"
mmlu,clean,Llama-3.1-8B-Instruct,5,"[0.60717658 0.6128423  0.63644948 0.63550519 0.62700661 0.62700661
 0.63550519 0.64494806 0.62134089 0.62511804 0.61378659 0.60906516
 0.60339943 0.61567517 0.62134089 0.61756374 0.62606232 0.63456091
 0.63456091 0.62134089 0.62322946]"
mmlu,clean,Llama-3.1-8B-Instruct,10,"[0.66572238 0.66949953 0.66666667 0.68366383 0.6713881  0.66194523
 0.66288952 0.65911237 0.65439093 0.67044381 0.66855524 0.65627951
 0.65439093 0.65155807 0.65627951 0.63833805]"
mmlu,clean,Llama-3.1-8B-Instruct,15,"[0.67799811 0.67988669 0.68177526 0.67988669 0.67516525 0.68083097
 0.68744098 0.68366383 0.6789424  0.67610954 0.66949953]"
mmlu,clean,Llama-3.1-8B-Instruct,20,[0.68083097 0.67610954 0.68649669 0.68366383 0.68460812 0.68366383]
mmlu,clean,Llama-3.1-8B-Instruct,25,[0.68555241]
multiarith,clean,Llama-3.1-8B-Instruct,1,"[0.73888889 0.77777778 0.80555556 0.71111111 0.73333333 0.7
 0.77777778 0.76666667 0.76111111 0.78333333 0.70555556 0.75
 0.75555556 0.76111111 0.76111111 0.72222222 0.79444444 0.70555556
 0.70555556 0.73333333 0.72777778 0.73333333 0.75555556 0.73333333
 0.76666667]"
multiarith,clean,Llama-3.1-8B-Instruct,5,"[0.95       0.95555556 0.95555556 0.96666667 0.95555556 0.98333333
 0.99444444 0.98333333 0.94444444 0.97222222 0.95       0.92222222
 0.97222222 0.95       0.97222222 0.93333333 0.91666667 0.96666667
 0.96666667 0.96111111 0.96111111]"
multiarith,clean,Llama-3.1-8B-Instruct,10,"[0.98888889 0.99444444 0.99444444 0.99444444 0.99444444 0.99444444
 0.99444444 1.         0.99444444 0.99444444 0.99444444 1.
 1.         1.         0.99444444 0.99444444]"
multiarith,clean,Llama-3.1-8B-Instruct,15,"[1.         0.99444444 0.99444444 0.99444444 0.99444444 0.99444444
 0.99444444 1.         1.         1.         1.        ]"
multiarith,clean,Llama-3.1-8B-Instruct,20,[0.99444444 0.99444444 0.99444444 1.         1.         0.99444444]
multiarith,clean,Llama-3.1-8B-Instruct,25,[1.]
gsm,clean,Mistral-7B-Instruct-v0.3,1,"[0.42456406 0.43290371 0.44427597 0.43517817 0.42077331 0.40940106
 0.43062926 0.41925701 0.42759666 0.42835481 0.41394996 0.41470811
 0.42304776 0.42304776 0.44124337 0.43593632 0.43214556 0.42532221
 0.44275967 0.43972707 0.42759666 0.44200152 0.41394996 0.41849886
 0.43442002]"
gsm,clean,Mistral-7B-Instruct-v0.3,5,"[0.58074299 0.58832449 0.58680819 0.54283548 0.54056103 0.52918878
 0.53222138 0.54131918 0.54056103 0.54510993 0.53373768 0.54131918
 0.53449583 0.53449583 0.56254738 0.56937074 0.55799848 0.55420773
 0.55496588 0.55648218 0.58301744]"
gsm,clean,Mistral-7B-Instruct-v0.3,10,"[0.6535254  0.64973465 0.6641395  0.6520091  0.6459439  0.6550417
 0.6535254  0.64973465 0.6474602  0.66338135 0.6535254  0.66641395
 0.6747536  0.66641395 0.6732373  0.6702047 ]"
gsm,clean,Mistral-7B-Instruct-v0.3,15,"[0.68915845 0.68612585 0.69067475 0.6944655  0.68764215 0.69067475
 0.70053071 0.69825625 0.6929492  0.6929492  0.69370735]"
gsm,clean,Mistral-7B-Instruct-v0.3,20,[0.71872631 0.71645186 0.71721001 0.71872631 0.71493556 0.72024261]
gsm,clean,Mistral-7B-Instruct-v0.3,25,[0.73237301]
math,clean,Mistral-7B-Instruct-v0.3,1,"[0.03 0.06 0.07 0.06 0.06 0.05 0.07 0.05 0.05 0.08 0.05 0.08 0.07 0.06
 0.08 0.05 0.11 0.08 0.04 0.12 0.08 0.08 0.06 0.07 0.09]"
math,clean,Mistral-7B-Instruct-v0.3,5,"[0.08 0.08 0.1  0.07 0.08 0.09 0.12 0.09 0.11 0.1  0.09 0.1  0.09 0.07
 0.1  0.11 0.16 0.13 0.09 0.14 0.1 ]"
math,clean,Mistral-7B-Instruct-v0.3,10,"[0.16 0.16 0.15 0.16 0.15 0.13 0.11 0.12 0.14 0.13 0.15 0.18 0.16 0.15
 0.16 0.16]"
math,clean,Mistral-7B-Instruct-v0.3,15,[0.16 0.15 0.16 0.16 0.17 0.15 0.14 0.15 0.15 0.16 0.17]
math,clean,Mistral-7B-Instruct-v0.3,20,[0.18 0.17 0.17 0.18 0.17 0.14]
math,clean,Mistral-7B-Instruct-v0.3,25,[0.18]
mmlu,clean,Mistral-7B-Instruct-v0.3,1,"[0.37016053 0.36071766 0.3720491  0.38243626 0.37016053 0.38243626
 0.37488196 0.34560907 0.3720491  0.39943343 0.38149197 0.35694051
 0.39093484 0.38054769 0.37299339 0.38432483 0.38432483 0.34372049
 0.36355052 0.36827195 0.38149197 0.39471199 0.37677054 0.38243626
 0.35977337]"
mmlu,clean,Mistral-7B-Instruct-v0.3,5,"[0.42398489 0.42681775 0.42492918 0.41831917 0.401322   0.41265345
 0.41359773 0.40509915 0.43342776 0.44287063 0.4230406  0.42587347
 0.43437205 0.4230406  0.42020774 0.41643059 0.40321058 0.42209632
 0.41831917 0.4230406  0.4381492 ]"
mmlu,clean,Mistral-7B-Instruct-v0.3,10,"[0.44192635 0.42587347 0.42965061 0.44098206 0.44098206 0.44192635
 0.44381492 0.44381492 0.44287063 0.44948064 0.44570349 0.44192635
 0.44759207 0.43909348 0.44475921 0.44570349]"
mmlu,clean,Mistral-7B-Instruct-v0.3,15,"[0.44003777 0.44948064 0.44853636 0.44381492 0.44475921 0.44853636
 0.44287063 0.44759207 0.4523135  0.45514636 0.4523135 ]"
mmlu,clean,Mistral-7B-Instruct-v0.3,20,[0.44664778 0.44948064 0.44003777 0.45042493 0.4598678  0.44948064]
mmlu,clean,Mistral-7B-Instruct-v0.3,25,[0.45514636]
multiarith,clean,Mistral-7B-Instruct-v0.3,1,"[0.69444444 0.68888889 0.66666667 0.72777778 0.71111111 0.73888889
 0.72222222 0.7        0.69444444 0.7        0.75       0.72777778
 0.65555556 0.7        0.7        0.72222222 0.67777778 0.75
 0.72777778 0.76111111 0.68333333 0.72777778 0.68888889 0.68888889
 0.71111111]"
multiarith,clean,Mistral-7B-Instruct-v0.3,5,"[0.93333333 0.91111111 0.9        0.91111111 0.92222222 0.90555556
 0.92222222 0.91666667 0.93333333 0.91666667 0.91111111 0.90555556
 0.91666667 0.91111111 0.9        0.88333333 0.9        0.89444444
 0.92222222 0.92777778 0.92222222]"
multiarith,clean,Mistral-7B-Instruct-v0.3,10,"[0.95       0.95555556 0.95       0.97222222 0.96111111 0.96666667
 0.95555556 0.95555556 0.96666667 0.95555556 0.95555556 0.96666667
 0.97222222 0.96666667 0.97222222 0.97222222]"
multiarith,clean,Mistral-7B-Instruct-v0.3,15,"[0.96111111 0.96111111 0.95       0.96111111 0.95       0.96666667
 0.96666667 0.97222222 0.97222222 0.98333333 0.98333333]"
multiarith,clean,Mistral-7B-Instruct-v0.3,20,[0.97777778 0.96111111 0.98333333 0.97777778 0.97777778 0.97777778]
multiarith,clean,Mistral-7B-Instruct-v0.3,25,[0.98888889]
gsm,clean,Qwen3-14B,1,"[0.86808188 0.87717968 0.87111448 0.87717968 0.88021228 0.88324488
 0.88097043 0.88400303 0.86808188 0.87642153 0.87035633 0.87945413
 0.87414708 0.87490523 0.87263078 0.87035633 0.87642153 0.87414708
 0.88172858 0.86580743 0.87111448 0.87263078 0.88324488 0.86656558
 0.87490523]"
gsm,clean,Qwen3-14B,5,"[0.91357089 0.92115239 0.91584534 0.91963609 0.91887794 0.92115239
 0.91811979 0.92342684 0.92342684 0.92570129 0.92342684 0.92418499
 0.92494314 0.92191054 0.92115239 0.92191054 0.92266869 0.92418499
 0.91963609 0.92115239 0.92191054]"
gsm,clean,Qwen3-14B,10,"[0.93252464 0.93025019 0.92949204 0.92949204 0.92645944 0.93100834
 0.93025019 0.93404094 0.93176649 0.93252464 0.93252464 0.93025019
 0.93707354 0.93328279 0.92570129 0.92949204]"
gsm,clean,Qwen3-14B,15,"[0.93404094 0.93176649 0.93328279 0.93555724 0.93328279 0.93328279
 0.93252464 0.93555724 0.93252464 0.93479909 0.93025019]"
gsm,clean,Qwen3-14B,20,[0.93252464 0.93479909 0.93328279 0.93555724 0.93328279 0.93252464]
gsm,clean,Qwen3-14B,25,[0.93404094]
math,clean,Qwen3-14B,1,"[0.53 0.57 0.54 0.54 0.51 0.5  0.56 0.53 0.52 0.55 0.52 0.57 0.5  0.51
 0.47 0.46 0.55 0.52 0.56 0.53 0.5  0.52 0.53 0.44 0.51]"
math,clean,Qwen3-14B,5,"[0.63 0.67 0.64 0.64 0.62 0.6  0.61 0.63 0.63 0.66 0.62 0.61 0.58 0.63
 0.58 0.61 0.66 0.66 0.67 0.65 0.61]"
math,clean,Qwen3-14B,10,"[0.68 0.69 0.7  0.71 0.69 0.66 0.68 0.69 0.69 0.71 0.67 0.67 0.67 0.71
 0.7  0.71]"
math,clean,Qwen3-14B,15,[0.72 0.73 0.74 0.74 0.72 0.71 0.74 0.73 0.74 0.73 0.71]
math,clean,Qwen3-14B,20,[0.75 0.76 0.77 0.77 0.75 0.74]
math,clean,Qwen3-14B,25,[0.77]
mmlu,clean,Qwen3-14B,1,"[0.82152975 0.81964117 0.82436261 0.82341832 0.80925401 0.83852691
 0.82058546 0.81397545 0.81114259 0.81680831 0.82152975 0.82813975
 0.82908404 0.82058546 0.82813975 0.81964117 0.82436261 0.82436261
 0.81964117 0.81208687 0.81208687 0.83097262 0.82625118 0.81680831
 0.82719547]"
mmlu,clean,Qwen3-14B,5,"[0.83286119 0.84324835 0.84419263 0.84135977 0.83852691 0.83758263
 0.82436261 0.82908404 0.83097262 0.83380548 0.83852691 0.83852691
 0.83758263 0.84041549 0.83758263 0.83380548 0.8394712  0.83663834
 0.83097262 0.83097262 0.83663834]"
mmlu,clean,Qwen3-14B,10,"[0.84230406 0.8394712  0.83474976 0.83663834 0.83474976 0.83758263
 0.83286119 0.83569405 0.83097262 0.83474976 0.83569405 0.83663834
 0.83474976 0.84324835 0.83380548 0.83758263]"
mmlu,clean,Qwen3-14B,15,"[0.83002833 0.83097262 0.83286119 0.83286119 0.83380548 0.83663834
 0.83286119 0.8319169  0.8319169  0.83002833 0.83380548]"
mmlu,clean,Qwen3-14B,20,[0.83569405 0.83286119 0.83097262 0.83569405 0.83002833 0.83663834]
mmlu,clean,Qwen3-14B,25,[0.8319169]
multiarith,clean,Qwen3-14B,1,"[0.97777778 0.98333333 0.98888889 0.97777778 0.98888889 0.98333333
 0.99444444 0.98333333 0.98333333 0.98333333 0.97222222 0.97222222
 0.98888889 0.98888889 0.98333333 0.98333333 0.97777778 0.97222222
 0.98333333 0.98333333 0.98333333 0.97777778 0.97777778 0.96111111
 0.98888889]"
multiarith,clean,Qwen3-14B,5,"[0.99444444 1.         0.99444444 0.99444444 1.         1.
 1.         0.99444444 1.         0.99444444 0.99444444 0.99444444
 0.99444444 0.99444444 0.99444444 0.99444444 0.99444444 0.99444444
 0.99444444 0.99444444 0.99444444]"
multiarith,clean,Qwen3-14B,10,"[1.         1.         1.         1.         0.99444444 0.99444444
 0.99444444 0.99444444 0.99444444 0.99444444 0.99444444 0.99444444
 0.99444444 0.99444444 0.99444444 0.99444444]"
multiarith,clean,Qwen3-14B,15,"[0.99444444 1.         0.99444444 0.99444444 0.99444444 0.99444444
 0.99444444 0.99444444 0.99444444 0.99444444 0.99444444]"
multiarith,clean,Qwen3-14B,20,[0.99444444 0.99444444 0.99444444 0.99444444 0.99444444 0.99444444]
multiarith,clean,Qwen3-14B,25,[0.99444444]
gsm,clean,Qwen3-4B,1,"[0.81576952 0.81652767 0.82031842 0.81576952 0.81501137 0.82410917
 0.82183472 0.82789992 0.81804397 0.83093252 0.82941622 0.81501137
 0.82638362 0.81425322 0.81425322 0.82638362 0.82335102 0.82259287
 0.81122062 0.80742987 0.81273692 0.82941622 0.81956027 0.80742987
 0.81728582]"
gsm,clean,Qwen3-4B,5,"[0.90447309 0.89689158 0.89082638 0.89082638 0.90219864 0.89310083
 0.88779378 0.89537528 0.89234268 0.90295679 0.90371494 0.90674754
 0.90447309 0.89613343 0.89537528 0.89385898 0.89461713 0.90219864
 0.90295679 0.90447309 0.90523124]"
gsm,clean,Qwen3-4B,10,"[0.91963609 0.91660349 0.91811979 0.91736164 0.91281274 0.91357089
 0.91660349 0.91357089 0.91205459 0.91887794 0.91584534 0.91736164
 0.91736164 0.91281274 0.91963609 0.91811979]"
gsm,clean,Qwen3-4B,15,"[0.92191054 0.92342684 0.92115239 0.92039424 0.92342684 0.92266869
 0.91963609 0.91887794 0.92191054 0.92266869 0.92418499]"
gsm,clean,Qwen3-4B,20,[0.92570129 0.92570129 0.92721759 0.92191054 0.92342684 0.92645944]
gsm,clean,Qwen3-4B,25,[0.93025019]
math,clean,Qwen3-4B,1,"[0.47 0.5  0.5  0.52 0.51 0.51 0.53 0.5  0.53 0.52 0.58 0.54 0.58 0.49
 0.56 0.59 0.5  0.53 0.49 0.55 0.6  0.49 0.51 0.47 0.54]"
math,clean,Qwen3-4B,5,"[0.63 0.65 0.67 0.69 0.65 0.64 0.66 0.66 0.65 0.66 0.66 0.65 0.66 0.63
 0.62 0.66 0.63 0.62 0.64 0.66 0.64]"
math,clean,Qwen3-4B,10,"[0.68 0.71 0.69 0.7  0.7  0.69 0.7  0.69 0.7  0.69 0.69 0.68 0.67 0.68
 0.66 0.68]"
math,clean,Qwen3-4B,15,[0.73 0.72 0.7  0.71 0.71 0.7  0.72 0.71 0.72 0.71 0.72]
math,clean,Qwen3-4B,20,[0.73 0.74 0.71 0.71 0.72 0.72]
math,clean,Qwen3-4B,25,[0.73]
mmlu,clean,Qwen3-4B,1,"[0.82908404 0.82813975 0.82813975 0.8319169  0.84419263 0.82247403
 0.82436261 0.81869688 0.82908404 0.84041549 0.82247403 0.8319169
 0.83474976 0.83474976 0.84041549 0.82152975 0.8319169  0.82530689
 0.83097262 0.82530689 0.82813975 0.82436261 0.82247403 0.82152975
 0.82908404]"
mmlu,clean,Qwen3-4B,5,"[0.84891407 0.85269122 0.84796978 0.84985836 0.84985836 0.8470255
 0.85080264 0.85080264 0.84608121 0.85363551 0.85457979 0.85363551
 0.8611898  0.85269122 0.85363551 0.84608121 0.84608121 0.8470255
 0.84513692 0.84419263 0.84135977]"
mmlu,clean,Qwen3-4B,10,"[0.85552408 0.84796978 0.85363551 0.85741265 0.85835694 0.85457979
 0.85552408 0.85457979 0.85174693 0.85080264 0.85269122 0.85363551
 0.85174693 0.84796978 0.84985836 0.84796978]"
mmlu,clean,Qwen3-4B,15,"[0.85552408 0.85552408 0.86024551 0.8611898  0.86024551 0.85741265
 0.85646837 0.85457979 0.85457979 0.85080264 0.85457979]"
mmlu,clean,Qwen3-4B,20,[0.85741265 0.85835694 0.85835694 0.86024551 0.85741265 0.85363551]
mmlu,clean,Qwen3-4B,25,[0.85835694]
multiarith,clean,Qwen3-4B,1,"[0.97777778 0.96666667 0.97777778 0.96666667 0.96666667 0.97777778
 0.97777778 0.96666667 0.97222222 0.95555556 0.96666667 0.98333333
 0.97222222 0.98333333 0.97222222 0.97777778 0.98333333 0.95555556
 0.96111111 0.98333333 0.97777778 0.97222222 0.95555556 0.97222222
 0.97777778]"
multiarith,clean,Qwen3-4B,5,"[0.99444444 0.99444444 1.         1.         0.99444444 0.99444444
 0.99444444 0.99444444 0.99444444 0.99444444 0.99444444 1.
 1.         1.         1.         1.         1.         0.99444444
 0.98888889 0.99444444 0.99444444]"
multiarith,clean,Qwen3-4B,10,"[0.99444444 0.99444444 0.99444444 0.99444444 0.99444444 0.99444444
 0.99444444 0.99444444 1.         1.         1.         1.
 1.         1.         1.         1.        ]"
multiarith,clean,Qwen3-4B,15,"[0.99444444 1.         1.         1.         1.         1.
 1.         1.         1.         1.         1.        ]"
multiarith,clean,Qwen3-4B,20,[1. 1. 1. 1. 1. 1.]
multiarith,clean,Qwen3-4B,25,[1.]
gsm,punctuation_10,gemma-3-12b-it,1,"[0.91129644 0.90295679 0.90598939 0.91281274 0.90674754 0.89916603
 0.91357089 0.90219864 0.89916603 0.90674754 0.90068234 0.90447309
 0.90674754 0.91508719 0.90674754 0.90447309 0.91129644 0.90295679
 0.91053829 0.90902199 0.91205459 0.90978014 0.90826384 0.90219864
 0.91357089]"
gsm,punctuation_10,gemma-3-12b-it,5,"[0.92949204 0.92873389 0.92949204 0.93328279 0.92949204 0.93252464
 0.92873389 0.92570129 0.92570129 0.92873389 0.93025019 0.93025019
 0.93176649 0.93176649 0.92873389 0.92797574 0.92949204 0.93025019
 0.93176649 0.93025019 0.93100834]"
gsm,punctuation_10,gemma-3-12b-it,10,"[0.93100834 0.93176649 0.93252464 0.93252464 0.93176649 0.93176649
 0.93555724 0.93479909 0.93252464 0.93404094 0.93252464 0.93479909
 0.93631539 0.93404094 0.93176649 0.93404094]"
gsm,punctuation_10,gemma-3-12b-it,15,"[0.93100834 0.93176649 0.93707354 0.93404094 0.93328279 0.93328279
 0.93252464 0.93252464 0.93328279 0.93328279 0.93404094]"
gsm,punctuation_10,gemma-3-12b-it,20,[0.93252464 0.93555724 0.93631539 0.93555724 0.93479909 0.93328279]
gsm,punctuation_10,gemma-3-12b-it,25,[0.93252464]
math,punctuation_10,gemma-3-12b-it,1,"[0.61 0.61 0.62 0.58 0.58 0.63 0.62 0.63 0.61 0.61 0.63 0.55 0.62 0.63
 0.65 0.61 0.58 0.59 0.6  0.64 0.64 0.62 0.61 0.6  0.56]"
math,punctuation_10,gemma-3-12b-it,5,"[0.65 0.65 0.63 0.63 0.63 0.63 0.63 0.63 0.64 0.67 0.66 0.64 0.65 0.66
 0.66 0.64 0.64 0.63 0.61 0.67 0.68]"
math,punctuation_10,gemma-3-12b-it,10,"[0.64 0.63 0.62 0.61 0.66 0.64 0.64 0.66 0.66 0.68 0.66 0.66 0.67 0.66
 0.67 0.65]"
math,punctuation_10,gemma-3-12b-it,15,[0.65 0.65 0.64 0.63 0.66 0.65 0.65 0.67 0.67 0.68 0.67]
math,punctuation_10,gemma-3-12b-it,20,[0.65 0.66 0.66 0.63 0.65 0.65]
math,punctuation_10,gemma-3-12b-it,25,[0.66]
mmlu,punctuation_10,gemma-3-12b-it,1,"[0.85174693 0.83569405 0.83852691 0.83663834 0.84513692 0.84230406
 0.82908404 0.84891407 0.84041549 0.84891407 0.85552408 0.83852691
 0.85269122 0.83097262 0.85269122 0.85080264 0.83663834 0.8394712
 0.84419263 0.86024551 0.85646837 0.84230406 0.85080264 0.84041549
 0.84419263]"
mmlu,punctuation_10,gemma-3-12b-it,5,"[0.86402266 0.86496695 0.8611898  0.86024551 0.86024551 0.85741265
 0.8611898  0.86968839 0.86968839 0.86307838 0.85835694 0.85457979
 0.86307838 0.86307838 0.86591124 0.87440982 0.86591124 0.87157696
 0.86591124 0.87157696 0.86213409]"
mmlu,punctuation_10,gemma-3-12b-it,10,"[0.86685552 0.86402266 0.86402266 0.86307838 0.86685552 0.86024551
 0.86402266 0.86779981 0.8687441  0.8687441  0.86968839 0.86685552
 0.86779981 0.87252125 0.87535411 0.87157696]"
mmlu,punctuation_10,gemma-3-12b-it,15,"[0.86024551 0.86402266 0.86591124 0.86779981 0.87063267 0.86779981
 0.8687441  0.87346553 0.87157696 0.87063267 0.8687441 ]"
mmlu,punctuation_10,gemma-3-12b-it,20,[0.86496695 0.8687441  0.8687441  0.86779981 0.87063267 0.86685552]
mmlu,punctuation_10,gemma-3-12b-it,25,[0.86779981]
multiarith,punctuation_10,gemma-3-12b-it,1,"[0.98333333 0.98333333 0.97777778 0.98333333 0.98888889 0.97222222
 0.95555556 0.98888889 0.97222222 0.98333333 0.97777778 0.98888889
 0.98333333 0.96111111 0.98888889 0.96666667 0.98333333 0.97777778
 0.97777778 0.96666667 0.97777778 0.97777778 0.98333333 0.98888889
 0.97777778]"
multiarith,punctuation_10,gemma-3-12b-it,5,"[0.99444444 0.98888889 0.98333333 0.98333333 0.98888889 0.97777778
 0.98333333 0.99444444 0.98333333 0.99444444 0.98888889 0.99444444
 0.97777778 0.98333333 0.98888889 0.97777778 0.99444444 0.98333333
 0.98333333 0.97777778 0.98888889]"
multiarith,punctuation_10,gemma-3-12b-it,10,"[0.99444444 0.98888889 0.98888889 0.98888889 0.98888889 0.98888889
 0.98888889 0.99444444 0.98888889 0.99444444 0.99444444 0.99444444
 0.98888889 0.98888889 0.98888889 0.98333333]"
multiarith,punctuation_10,gemma-3-12b-it,15,"[0.99444444 0.99444444 0.98888889 0.98888889 0.98888889 0.98333333
 0.98888889 0.99444444 0.99444444 0.99444444 0.99444444]"
multiarith,punctuation_10,gemma-3-12b-it,20,[0.99444444 0.99444444 0.98333333 0.98888889 0.98888889 0.98888889]
multiarith,punctuation_10,gemma-3-12b-it,25,[0.99444444]
gsm,punctuation_10,gemma-3-4b-it,1,"[0.83623958 0.83775588 0.83851403 0.84609553 0.84382108 0.84003033
 0.83017437 0.85443518 0.84306293 0.83396513 0.83548143 0.83548143
 0.84533738 0.82486732 0.83851403 0.84457923 0.83320697 0.83927218
 0.84609553 0.85291888 0.84003033 0.83851403 0.84988628 0.84154663
 0.84078848]"
gsm,punctuation_10,gemma-3-4b-it,5,"[0.89310083 0.88931008 0.89234268 0.89310083 0.89461713 0.89006823
 0.89082638 0.89158453 0.88627748 0.87793783 0.88400303 0.88248673
 0.88324488 0.88172858 0.88855193 0.89613343 0.89082638 0.89006823
 0.89234268 0.89613343 0.88703563]"
gsm,punctuation_10,gemma-3-4b-it,10,"[0.89992418 0.89840788 0.89916603 0.89916603 0.89385898 0.89310083
 0.89385898 0.89537528 0.89310083 0.89310083 0.89537528 0.89537528
 0.89689158 0.89537528 0.89992418 0.90144049]"
gsm,punctuation_10,gemma-3-4b-it,15,"[0.89613343 0.89537528 0.89840788 0.89764973 0.89689158 0.89764973
 0.89613343 0.89689158 0.89537528 0.89689158 0.89689158]"
gsm,punctuation_10,gemma-3-4b-it,20,[0.90068234 0.89689158 0.89992418 0.89689158 0.89916603 0.89840788]
gsm,punctuation_10,gemma-3-4b-it,25,[0.89840788]
math,punctuation_10,gemma-3-4b-it,1,"[0.49 0.49 0.5  0.44 0.45 0.46 0.46 0.52 0.46 0.48 0.49 0.49 0.5  0.51
 0.5  0.52 0.52 0.47 0.47 0.53 0.54 0.47 0.5  0.49 0.46]"
math,punctuation_10,gemma-3-4b-it,5,"[0.56 0.57 0.55 0.57 0.56 0.56 0.57 0.58 0.58 0.56 0.57 0.6  0.57 0.56
 0.59 0.56 0.59 0.58 0.57 0.61 0.62]"
math,punctuation_10,gemma-3-4b-it,10,"[0.57 0.6  0.59 0.6  0.62 0.62 0.61 0.63 0.6  0.58 0.61 0.6  0.62 0.64
 0.62 0.59]"
math,punctuation_10,gemma-3-4b-it,15,[0.6  0.6  0.61 0.61 0.62 0.63 0.64 0.63 0.61 0.62 0.61]
math,punctuation_10,gemma-3-4b-it,20,[0.62 0.6  0.61 0.61 0.62 0.61]
math,punctuation_10,gemma-3-4b-it,25,[0.62]
mmlu,punctuation_10,gemma-3-4b-it,1,"[0.73465534 0.72332389 0.71576959 0.71671388 0.71954674 0.72143532
 0.7223796  0.75542965 0.71293673 0.73087819 0.72521246 0.72804533
 0.71671388 0.72710104 0.71576959 0.71671388 0.72710104 0.71576959
 0.72049103 0.70632672 0.71576959 0.7374882  0.7299339  0.72615675
 0.7223796 ]"
mmlu,punctuation_10,gemma-3-4b-it,5,"[0.75259679 0.75070822 0.75448536 0.75259679 0.75259679 0.75259679
 0.76203966 0.76770538 0.75259679 0.76203966 0.75448536 0.75448536
 0.75731822 0.7516525  0.74409821 0.74787535 0.76392823 0.74693107
 0.74787535 0.75637394 0.75448536]"
mmlu,punctuation_10,gemma-3-4b-it,10,"[0.7667611  0.75826251 0.77053824 0.76487252 0.77148253 0.7667611
 0.76298395 0.76959396 0.7667611  0.76864967 0.76392823 0.76298395
 0.7592068  0.76203966 0.76109537 0.75637394]"
mmlu,punctuation_10,gemma-3-4b-it,15,"[0.76864967 0.7667611  0.76487252 0.7667611  0.77148253 0.77242682
 0.76487252 0.77525968 0.77148253 0.76864967 0.77053824]"
mmlu,punctuation_10,gemma-3-4b-it,20,[0.77242682 0.76581681 0.76487252 0.76392823 0.76581681 0.76864967]
mmlu,punctuation_10,gemma-3-4b-it,25,[0.77053824]
multiarith,punctuation_10,gemma-3-4b-it,1,"[0.92222222 0.95       0.9        0.93333333 0.90555556 0.92777778
 0.93333333 0.92222222 0.92222222 0.92222222 0.96111111 0.93333333
 0.94444444 0.93333333 0.92222222 0.92777778 0.91666667 0.92777778
 0.93888889 0.91666667 0.93888889 0.93888889 0.92777778 0.92222222
 0.92777778]"
multiarith,punctuation_10,gemma-3-4b-it,5,"[0.94444444 0.94444444 0.93888889 0.95       0.94444444 0.95
 0.95       0.95555556 0.96111111 0.95555556 0.96666667 0.96666667
 0.95555556 0.94444444 0.95       0.95       0.93888889 0.94444444
 0.96111111 0.95       0.94444444]"
multiarith,punctuation_10,gemma-3-4b-it,10,"[0.94444444 0.95       0.95       0.95555556 0.95555556 0.95555556
 0.95555556 0.95555556 0.95       0.95555556 0.95555556 0.95555556
 0.95       0.95       0.94444444 0.94444444]"
multiarith,punctuation_10,gemma-3-4b-it,15,"[0.95       0.95       0.95       0.95       0.95555556 0.95
 0.95555556 0.95       0.95       0.95555556 0.95      ]"
multiarith,punctuation_10,gemma-3-4b-it,20,[0.95 0.95 0.95 0.95 0.95 0.95]
multiarith,punctuation_10,gemma-3-4b-it,25,[0.95]
gsm,punctuation_10,Llama-3.1-8B-Instruct,1,"[0.60879454 0.64366945 0.6580743  0.64821835 0.64215315 0.63608795
 0.63608795 0.63153904 0.63457165 0.63912055 0.62471569 0.64973465
 0.65731615 0.62016679 0.64063685 0.63229719 0.63229719 0.62774829
 0.63153904 0.6444276  0.6444276  0.61865049 0.64063685 0.6383624
 0.63153904]"
gsm,punctuation_10,Llama-3.1-8B-Instruct,5,"[0.82865807 0.80212282 0.78316907 0.79150872 0.78392722 0.78468537
 0.80439727 0.78316907 0.79529947 0.78089462 0.79150872 0.78923427
 0.77937832 0.77634572 0.76876422 0.76648976 0.79302502 0.78620167
 0.78923427 0.78847612 0.78013647]"
gsm,punctuation_10,Llama-3.1-8B-Instruct,10,"[0.87187263 0.87414708 0.86808188 0.87263078 0.87566338 0.87035633
 0.87187263 0.87111448 0.86656558 0.86884003 0.87566338 0.87490523
 0.86201668 0.86504928 0.86050038 0.86125853]"
gsm,punctuation_10,Llama-3.1-8B-Instruct,15,"[0.88779378 0.88551933 0.88703563 0.88627748 0.88248673 0.88248673
 0.88551933 0.88855193 0.88779378 0.88324488 0.88400303]"
gsm,punctuation_10,Llama-3.1-8B-Instruct,20,[0.89310083 0.89385898 0.89158453 0.89234268 0.88779378 0.88931008]
gsm,punctuation_10,Llama-3.1-8B-Instruct,25,[0.90068234]
math,punctuation_10,Llama-3.1-8B-Instruct,1,"[0.2  0.18 0.21 0.21 0.23 0.22 0.22 0.21 0.2  0.19 0.21 0.26 0.2  0.23
 0.26 0.19 0.2  0.25 0.21 0.18 0.19 0.2  0.28 0.26 0.18]"
math,punctuation_10,Llama-3.1-8B-Instruct,5,"[0.32 0.3  0.33 0.34 0.32 0.33 0.31 0.32 0.31 0.32 0.36 0.35 0.34 0.38
 0.36 0.32 0.32 0.33 0.36 0.3  0.31]"
math,punctuation_10,Llama-3.1-8B-Instruct,10,"[0.39 0.38 0.41 0.42 0.41 0.41 0.42 0.42 0.43 0.44 0.45 0.43 0.42 0.42
 0.4  0.4 ]"
math,punctuation_10,Llama-3.1-8B-Instruct,15,[0.42 0.42 0.43 0.43 0.43 0.44 0.44 0.43 0.44 0.44 0.46]
math,punctuation_10,Llama-3.1-8B-Instruct,20,[0.45 0.44 0.44 0.46 0.47 0.46]
math,punctuation_10,Llama-3.1-8B-Instruct,25,[0.48]
mmlu,punctuation_10,Llama-3.1-8B-Instruct,1,"[0.48253069 0.49291785 0.49197356 0.47875354 0.4891407  0.4674221
 0.51274788 0.48347498 0.4815864  0.49763928 0.45609065 0.45797923
 0.50424929 0.47214353 0.4815864  0.51180359 0.4891407  0.50141643
 0.49008499 0.52407932 0.50141643 0.47686497 0.50802644 0.50424929
 0.49575071]"
mmlu,punctuation_10,Llama-3.1-8B-Instruct,5,"[0.57412653 0.57412653 0.58545798 0.57223796 0.58451369 0.58640227
 0.58073654 0.57884797 0.58734655 0.58451369 0.55901794 0.58734655
 0.58829084 0.58829084 0.59962229 0.61189802 0.60623229 0.598678
 0.59678942 0.60245515 0.60151086]"
mmlu,punctuation_10,Llama-3.1-8B-Instruct,10,"[0.61850803 0.6128423  0.61473088 0.62606232 0.6279509  0.62511804
 0.62889518 0.62511804 0.63267233 0.62322946 0.62511804 0.63833805
 0.64494806 0.64494806 0.65155807 0.64400378]"
mmlu,punctuation_10,Llama-3.1-8B-Instruct,15,"[0.63833805 0.64022663 0.64305949 0.64022663 0.6421152  0.65439093
 0.65911237 0.65911237 0.66855524 0.65533522 0.65344665]"
mmlu,punctuation_10,Llama-3.1-8B-Instruct,20,[0.64589235 0.65250236 0.65911237 0.65911237 0.66477809 0.66477809]
mmlu,punctuation_10,Llama-3.1-8B-Instruct,25,[0.66288952]
multiarith,punctuation_10,Llama-3.1-8B-Instruct,1,"[0.84444444 0.76111111 0.8        0.75       0.75555556 0.76666667
 0.77222222 0.83888889 0.70555556 0.75555556 0.80555556 0.85555556
 0.77777778 0.82222222 0.80555556 0.77777778 0.77777778 0.77777778
 0.78888889 0.82222222 0.79444444 0.77222222 0.81111111 0.79444444
 0.74444444]"
multiarith,punctuation_10,Llama-3.1-8B-Instruct,5,"[0.97222222 0.97777778 0.96111111 0.96111111 0.95       0.95555556
 0.95555556 0.95       0.93333333 0.95       0.91111111 0.96111111
 0.96666667 0.93888889 0.96666667 0.96666667 0.97222222 0.97777778
 0.96111111 0.96666667 0.95      ]"
multiarith,punctuation_10,Llama-3.1-8B-Instruct,10,"[0.98333333 0.98888889 0.98333333 0.98333333 0.98888889 0.97777778
 0.98333333 0.98888889 0.98888889 0.98888889 0.98888889 0.98333333
 0.98888889 0.98888889 0.98333333 0.98333333]"
multiarith,punctuation_10,Llama-3.1-8B-Instruct,15,"[0.98888889 0.98888889 0.98888889 0.98888889 0.98333333 0.98333333
 0.98888889 0.98888889 0.98888889 0.98333333 0.98888889]"
multiarith,punctuation_10,Llama-3.1-8B-Instruct,20,[0.98888889 0.98888889 0.98333333 0.98333333 0.98333333 0.98333333]
multiarith,punctuation_10,Llama-3.1-8B-Instruct,25,[0.98888889]
gsm,punctuation_10,Mistral-7B-Instruct-v0.3,1,"[0.39954511 0.39802881 0.39196361 0.39727066 0.38968916 0.38893101
 0.39499621 0.39120546 0.40333586 0.38059136 0.39423806 0.39347991
 0.40485216 0.41319181 0.40030326 0.38665656 0.40712661 0.41849886
 0.39878696 0.38514026 0.38286581 0.41394996 0.40030326 0.40030326
 0.39347991]"
gsm,punctuation_10,Mistral-7B-Instruct-v0.3,5,"[0.52539803 0.50189538 0.50265353 0.49583017 0.48976497 0.49658832
 0.48369977 0.48749052 0.49128127 0.51402578 0.52463988 0.49962092
 0.51250948 0.55572403 0.53222138 0.54662623 0.54965883 0.51478393
 0.48445792 0.52463988 0.51857468]"
gsm,punctuation_10,Mistral-7B-Instruct-v0.3,10,"[0.60500379 0.60500379 0.59742229 0.61637604 0.62016679 0.61561789
 0.60955269 0.60500379 0.61789234 0.62244124 0.61637604 0.61865049
 0.62774829 0.62092494 0.60955269 0.61258529]"
gsm,punctuation_10,Mistral-7B-Instruct-v0.3,15,"[0.656558   0.65731615 0.6520091  0.6550417  0.6611069  0.65883245
 0.656558   0.65731615 0.6535254  0.65883245 0.66338135]"
gsm,punctuation_10,Mistral-7B-Instruct-v0.3,20,[0.66793025 0.6808188  0.68460955 0.68460955 0.6808188  0.66944655]
gsm,punctuation_10,Mistral-7B-Instruct-v0.3,25,[0.6899166]
math,punctuation_10,Mistral-7B-Instruct-v0.3,1,"[0.04 0.04 0.06 0.05 0.07 0.07 0.02 0.07 0.06 0.06 0.08 0.04 0.03 0.07
 0.03 0.05 0.04 0.08 0.09 0.03 0.04 0.07 0.08 0.08 0.07]"
math,punctuation_10,Mistral-7B-Instruct-v0.3,5,"[0.07 0.05 0.09 0.1  0.07 0.09 0.06 0.11 0.09 0.11 0.09 0.04 0.05 0.07
 0.05 0.07 0.07 0.1  0.08 0.09 0.09]"
math,punctuation_10,Mistral-7B-Instruct-v0.3,10,"[0.12 0.1  0.1  0.12 0.12 0.11 0.09 0.12 0.12 0.13 0.09 0.07 0.06 0.06
 0.09 0.09]"
math,punctuation_10,Mistral-7B-Instruct-v0.3,15,[0.13 0.11 0.13 0.12 0.14 0.14 0.12 0.12 0.12 0.12 0.1 ]
math,punctuation_10,Mistral-7B-Instruct-v0.3,20,[0.13 0.11 0.12 0.11 0.13 0.12]
math,punctuation_10,Mistral-7B-Instruct-v0.3,25,[0.13]
mmlu,punctuation_10,Mistral-7B-Instruct-v0.3,1,"[0.36071766 0.35127479 0.38338055 0.37299339 0.37299339 0.37488196
 0.40037771 0.36921624 0.40415486 0.36071766 0.36166195 0.38054769
 0.34749764 0.34560907 0.37582625 0.36827195 0.35694051 0.36827195
 0.3796034  0.3720491  0.36921624 0.38432483 0.36166195 0.3578848
 0.34372049]"
mmlu,punctuation_10,Mistral-7B-Instruct-v0.3,5,"[0.42398489 0.41926346 0.43248347 0.43437205 0.42965061 0.41926346
 0.43342776 0.41926346 0.41643059 0.39376771 0.40793201 0.40698772
 0.38810198 0.4088763  0.41926346 0.42870633 0.41831917 0.42209632
 0.41831917 0.42209632 0.41831917]"
mmlu,punctuation_10,Mistral-7B-Instruct-v0.3,10,"[0.43342776 0.44192635 0.43248347 0.43626062 0.42587347 0.4305949
 0.43342776 0.43342776 0.4305949  0.41643059 0.42870633 0.4230406
 0.42209632 0.4381492  0.43626062 0.43626062]"
mmlu,punctuation_10,Mistral-7B-Instruct-v0.3,15,"[0.43626062 0.43153919 0.44287063 0.44098206 0.43437205 0.44192635
 0.43342776 0.42870633 0.43720491 0.43342776 0.44570349]"
mmlu,punctuation_10,Mistral-7B-Instruct-v0.3,20,[0.43720491 0.43909348 0.44475921 0.44759207 0.45042493 0.44664778]
mmlu,punctuation_10,Mistral-7B-Instruct-v0.3,25,[0.44853636]
multiarith,punctuation_10,Mistral-7B-Instruct-v0.3,1,"[0.68333333 0.69444444 0.70555556 0.71666667 0.75       0.77222222
 0.7        0.72222222 0.73333333 0.71111111 0.73333333 0.72777778
 0.75555556 0.73333333 0.70555556 0.67777778 0.68888889 0.72777778
 0.71111111 0.70555556 0.65555556 0.67222222 0.67777778 0.76111111
 0.68333333]"
multiarith,punctuation_10,Mistral-7B-Instruct-v0.3,5,"[0.91111111 0.91666667 0.88333333 0.92222222 0.89444444 0.88333333
 0.89444444 0.91111111 0.91111111 0.90555556 0.90555556 0.92222222
 0.92222222 0.91666667 0.92222222 0.91666667 0.93888889 0.91666667
 0.91666667 0.91111111 0.90555556]"
multiarith,punctuation_10,Mistral-7B-Instruct-v0.3,10,"[0.93888889 0.93888889 0.93888889 0.95       0.96111111 0.95555556
 0.93333333 0.96666667 0.96666667 0.96111111 0.97222222 0.98888889
 0.97222222 0.97777778 0.96666667 0.96111111]"
multiarith,punctuation_10,Mistral-7B-Instruct-v0.3,15,"[0.96666667 0.96111111 0.95555556 0.97777778 0.98333333 0.98333333
 0.98888889 0.97777778 0.97777778 0.97222222 0.98333333]"
multiarith,punctuation_10,Mistral-7B-Instruct-v0.3,20,[0.97777778 0.98333333 0.98333333 0.97777778 0.98333333 0.98333333]
multiarith,punctuation_10,Mistral-7B-Instruct-v0.3,25,[0.98333333]
gsm,punctuation_10,Qwen3-14B,1,"[0.86732373 0.86656558 0.87187263 0.85519333 0.87035633 0.87338893
 0.86959818 0.87490523 0.87490523 0.86732373 0.86884003 0.87490523
 0.87717968 0.85746778 0.87566338 0.86656558 0.86732373 0.87187263
 0.86808188 0.85974223 0.85746778 0.86504928 0.86353298 0.86201668
 0.87490523]"
gsm,punctuation_10,Qwen3-14B,5,"[0.91584534 0.91584534 0.91357089 0.91736164 0.91508719 0.91508719
 0.91736164 0.91736164 0.92039424 0.92191054 0.91508719 0.92115239
 0.91811979 0.92039424 0.91811979 0.91129644 0.91584534 0.91508719
 0.92039424 0.91584534 0.91432904]"
gsm,punctuation_10,Qwen3-14B,10,"[0.92797574 0.92266869 0.92494314 0.92721759 0.92645944 0.92418499
 0.92873389 0.93252464 0.92797574 0.92494314 0.93100834 0.93176649
 0.92645944 0.92873389 0.92645944 0.92797574]"
gsm,punctuation_10,Qwen3-14B,15,"[0.93176649 0.93100834 0.92949204 0.93176649 0.92873389 0.92873389
 0.93176649 0.93100834 0.93176649 0.93328279 0.93252464]"
gsm,punctuation_10,Qwen3-14B,20,[0.93252464 0.93252464 0.93328279 0.93328279 0.93025019 0.92949204]
gsm,punctuation_10,Qwen3-14B,25,[0.93404094]
math,punctuation_10,Qwen3-14B,1,"[0.49 0.44 0.45 0.53 0.51 0.49 0.48 0.44 0.48 0.48 0.48 0.5  0.45 0.51
 0.51 0.43 0.45 0.48 0.49 0.46 0.47 0.44 0.51 0.45 0.49]"
math,punctuation_10,Qwen3-14B,5,"[0.57 0.59 0.59 0.6  0.59 0.59 0.57 0.57 0.55 0.59 0.57 0.57 0.56 0.57
 0.6  0.54 0.58 0.54 0.57 0.52 0.54]"
math,punctuation_10,Qwen3-14B,10,"[0.65 0.64 0.67 0.67 0.67 0.65 0.65 0.65 0.65 0.65 0.63 0.64 0.64 0.64
 0.64 0.6 ]"
math,punctuation_10,Qwen3-14B,15,[0.71 0.69 0.71 0.7  0.73 0.7  0.68 0.67 0.64 0.65 0.65]
math,punctuation_10,Qwen3-14B,20,[0.73 0.7  0.71 0.69 0.72 0.71]
math,punctuation_10,Qwen3-14B,25,[0.71]
mmlu,punctuation_10,Qwen3-14B,1,"[0.81680831 0.81397545 0.80453258 0.80736544 0.81680831 0.82719547
 0.8177526  0.81397545 0.81586402 0.81964117 0.80642115 0.81680831
 0.79981114 0.81114259 0.81491974 0.81680831 0.82058546 0.80736544
 0.81869688 0.81680831 0.81114259 0.80453258 0.81303116 0.8101983
 0.81964117]"
mmlu,punctuation_10,Qwen3-14B,5,"[0.82152975 0.82530689 0.82436261 0.82719547 0.83380548 0.8319169
 0.83286119 0.82719547 0.82058546 0.83286119 0.8177526  0.82341832
 0.83852691 0.83002833 0.8319169  0.83286119 0.83097262 0.82625118
 0.82341832 0.82530689 0.82341832]"
mmlu,punctuation_10,Qwen3-14B,10,"[0.82719547 0.83097262 0.82436261 0.82625118 0.83097262 0.83380548
 0.82908404 0.83002833 0.82908404 0.8394712  0.82813975 0.8319169
 0.83286119 0.8319169  0.83097262 0.82530689]"
mmlu,punctuation_10,Qwen3-14B,15,"[0.82813975 0.82530689 0.82530689 0.82908404 0.83002833 0.83286119
 0.83380548 0.82908404 0.82813975 0.83002833 0.82341832]"
mmlu,punctuation_10,Qwen3-14B,20,[0.82530689 0.83002833 0.83286119 0.82813975 0.82908404 0.83097262]
mmlu,punctuation_10,Qwen3-14B,25,[0.83002833]
multiarith,punctuation_10,Qwen3-14B,1,"[0.97777778 0.97222222 0.97777778 0.97777778 0.96111111 0.95555556
 0.96666667 0.96666667 0.95555556 0.99444444 0.96666667 0.97222222
 0.93888889 0.97777778 0.97777778 0.96111111 0.96111111 0.98333333
 0.96666667 0.96111111 0.97777778 0.96111111 0.97777778 0.97777778
 0.96666667]"
multiarith,punctuation_10,Qwen3-14B,5,"[0.98888889 0.97777778 0.98333333 0.97777778 0.98333333 0.98333333
 0.98888889 0.98333333 0.98888889 0.98333333 0.98333333 0.98333333
 0.98333333 0.98888889 0.98888889 0.97777778 0.97777778 0.97777778
 0.98333333 0.98333333 0.97777778]"
multiarith,punctuation_10,Qwen3-14B,10,"[0.98888889 0.98333333 0.98888889 0.98333333 0.98333333 0.98333333
 0.98333333 0.98333333 0.98333333 0.98333333 0.98333333 0.98333333
 0.98333333 0.98333333 0.98333333 0.97777778]"
multiarith,punctuation_10,Qwen3-14B,15,"[0.98333333 0.98333333 0.98333333 0.98333333 0.98333333 0.98333333
 0.98333333 0.98333333 0.98333333 0.98333333 0.98333333]"
multiarith,punctuation_10,Qwen3-14B,20,[0.98333333 0.98333333 0.98333333 0.98333333 0.98333333 0.98333333]
multiarith,punctuation_10,Qwen3-14B,25,[0.98333333]
gsm,punctuation_10,Qwen3-4B,1,"[0.78392722 0.79226687 0.78165277 0.78999242 0.77028052 0.79075057
 0.80136467 0.79226687 0.80212282 0.78241092 0.80288097 0.79150872
 0.78620167 0.79909022 0.80212282 0.78771797 0.80439727 0.78847612
 0.78241092 0.78316907 0.79302502 0.77482942 0.78165277 0.80136467
 0.78544352]"
gsm,punctuation_10,Qwen3-4B,5,"[0.86884003 0.87945413 0.87414708 0.88324488 0.88400303 0.88627748
 0.87414708 0.87717968 0.87490523 0.88400303 0.88779378 0.88931008
 0.87717968 0.87717968 0.86808188 0.87035633 0.88172858 0.88172858
 0.88172858 0.89158453 0.88400303]"
gsm,punctuation_10,Qwen3-4B,10,"[0.90144049 0.90598939 0.89764973 0.90902199 0.91357089 0.91205459
 0.91205459 0.90523124 0.90295679 0.90295679 0.89537528 0.89992418
 0.90674754 0.90674754 0.90371494 0.90371494]"
gsm,punctuation_10,Qwen3-4B,15,"[0.91584534 0.91508719 0.91508719 0.91508719 0.91660349 0.91281274
 0.90978014 0.90978014 0.90902199 0.91205459 0.91281274]"
gsm,punctuation_10,Qwen3-4B,20,[0.91281274 0.91432904 0.91432904 0.91432904 0.91508719 0.91584534]
gsm,punctuation_10,Qwen3-4B,25,[0.91584534]
math,punctuation_10,Qwen3-4B,1,"[0.53 0.51 0.48 0.53 0.45 0.53 0.46 0.45 0.49 0.49 0.46 0.43 0.44 0.45
 0.44 0.47 0.55 0.53 0.51 0.43 0.47 0.48 0.49 0.49 0.46]"
math,punctuation_10,Qwen3-4B,5,"[0.65 0.65 0.65 0.63 0.62 0.63 0.62 0.6  0.62 0.61 0.6  0.56 0.57 0.58
 0.58 0.6  0.6  0.63 0.6  0.57 0.58]"
math,punctuation_10,Qwen3-4B,10,"[0.7  0.69 0.66 0.67 0.66 0.65 0.65 0.67 0.67 0.67 0.63 0.63 0.61 0.63
 0.65 0.68]"
math,punctuation_10,Qwen3-4B,15,[0.7  0.69 0.68 0.69 0.69 0.68 0.67 0.66 0.66 0.69 0.67]
math,punctuation_10,Qwen3-4B,20,[0.74 0.71 0.69 0.7  0.69 0.68]
math,punctuation_10,Qwen3-4B,25,[0.74]
mmlu,punctuation_10,Qwen3-4B,1,"[0.81208687 0.80830973 0.81586402 0.8177526  0.82813975 0.79603399
 0.83380548 0.82247403 0.81208687 0.82530689 0.80830973 0.82341832
 0.82719547 0.81964117 0.82247403 0.8101983  0.81586402 0.80830973
 0.82152975 0.8319169  0.81114259 0.82152975 0.80453258 0.8177526
 0.82152975]"
mmlu,punctuation_10,Qwen3-4B,5,"[0.83474976 0.83286119 0.84230406 0.84324835 0.83663834 0.84230406
 0.8470255  0.84891407 0.84230406 0.83852691 0.84230406 0.85457979
 0.85646837 0.84041549 0.84041549 0.83474976 0.83852691 0.83380548
 0.84324835 0.84230406 0.83663834]"
mmlu,punctuation_10,Qwen3-4B,10,"[0.84230406 0.84230406 0.84513692 0.84419263 0.84608121 0.84419263
 0.84985836 0.85174693 0.84419263 0.84608121 0.84135977 0.85269122
 0.84513692 0.8394712  0.83758263 0.84041549]"
mmlu,punctuation_10,Qwen3-4B,15,"[0.84608121 0.84419263 0.84891407 0.84891407 0.8470255  0.8470255
 0.85174693 0.84985836 0.84324835 0.84608121 0.84513692]"
mmlu,punctuation_10,Qwen3-4B,20,[0.84324835 0.84419263 0.84796978 0.84513692 0.84230406 0.8470255 ]
mmlu,punctuation_10,Qwen3-4B,25,[0.84041549]
multiarith,punctuation_10,Qwen3-4B,1,"[0.93888889 0.93333333 0.92222222 0.95       0.96111111 0.96666667
 0.92222222 0.96666667 0.94444444 0.93333333 0.95555556 0.94444444
 0.93888889 0.93888889 0.9        0.91111111 0.94444444 0.92222222
 0.96111111 0.94444444 0.94444444 0.90555556 0.94444444 0.92777778
 0.97777778]"
multiarith,punctuation_10,Qwen3-4B,5,"[0.99444444 0.99444444 0.99444444 1.         1.         1.
 1.         0.99444444 1.         1.         0.99444444 1.
 0.99444444 0.98888889 0.99444444 0.98888889 0.99444444 1.
 1.         1.         1.        ]"
multiarith,punctuation_10,Qwen3-4B,10,"[1.         0.99444444 1.         1.         1.         1.
 1.         1.         1.         1.         1.         1.
 1.         1.         1.         1.        ]"
multiarith,punctuation_10,Qwen3-4B,15,[1. 1. 1. 1. 1. 1. 1. 1. 1. 1. 1.]
multiarith,punctuation_10,Qwen3-4B,20,[1. 1. 1. 1. 1. 1.]
multiarith,punctuation_10,Qwen3-4B,25,[1.]
gsm,punctuation_30,gemma-3-12b-it,1,"[0.90144049 0.90598939 0.89234268 0.90144049 0.89840788 0.89537528
 0.89158453 0.89916603 0.89764973 0.89992418 0.90902199 0.89764973
 0.89613343 0.89992418 0.89840788 0.89461713 0.90750569 0.89992418
 0.89461713 0.90978014 0.90144049 0.90978014 0.90902199 0.89689158
 0.90219864]"
gsm,punctuation_30,gemma-3-12b-it,5,"[0.92342684 0.91887794 0.91508719 0.91887794 0.91736164 0.91736164
 0.91660349 0.92342684 0.92115239 0.91811979 0.92039424 0.91736164
 0.92191054 0.92115239 0.92039424 0.92418499 0.92721759 0.92570129
 0.92797574 0.92342684 0.92570129]"
gsm,punctuation_30,gemma-3-12b-it,10,"[0.92645944 0.92342684 0.91887794 0.92342684 0.92115239 0.92191054
 0.92191054 0.92342684 0.92721759 0.92570129 0.92721759 0.92570129
 0.92418499 0.92570129 0.92721759 0.92570129]"
gsm,punctuation_30,gemma-3-12b-it,15,"[0.92342684 0.92266869 0.92039424 0.92191054 0.92418499 0.92645944
 0.92570129 0.92721759 0.92797574 0.92873389 0.93025019]"
gsm,punctuation_30,gemma-3-12b-it,20,[0.92721759 0.92721759 0.92570129 0.92721759 0.92494314 0.92797574]
gsm,punctuation_30,gemma-3-12b-it,25,[0.92797574]
math,punctuation_30,gemma-3-12b-it,1,"[0.6  0.61 0.59 0.6  0.65 0.65 0.62 0.67 0.64 0.59 0.62 0.64 0.57 0.58
 0.56 0.6  0.59 0.58 0.63 0.63 0.63 0.63 0.63 0.63 0.57]"
math,punctuation_30,gemma-3-12b-it,5,"[0.65 0.66 0.65 0.68 0.69 0.67 0.67 0.67 0.67 0.63 0.64 0.6  0.61 0.62
 0.61 0.62 0.65 0.68 0.66 0.67 0.65]"
math,punctuation_30,gemma-3-12b-it,10,"[0.68 0.67 0.66 0.69 0.69 0.66 0.67 0.68 0.67 0.64 0.66 0.64 0.65 0.68
 0.66 0.69]"
math,punctuation_30,gemma-3-12b-it,15,[0.68 0.66 0.67 0.68 0.68 0.68 0.67 0.69 0.69 0.66 0.68]
math,punctuation_30,gemma-3-12b-it,20,[0.68 0.69 0.67 0.68 0.68 0.67]
math,punctuation_30,gemma-3-12b-it,25,[0.68]
mmlu,punctuation_30,gemma-3-12b-it,1,"[0.83758263 0.84513692 0.84419263 0.85741265 0.84513692 0.84608121
 0.84891407 0.84796978 0.84419263 0.82436261 0.8470255  0.85457979
 0.84230406 0.8470255  0.83569405 0.85930123 0.83758263 0.84513692
 0.84985836 0.83569405 0.83474976 0.84608121 0.83002833 0.84041549
 0.83474976]"
mmlu,punctuation_30,gemma-3-12b-it,5,"[0.87157696 0.87252125 0.87157696 0.87063267 0.86779981 0.86496695
 0.86307838 0.86496695 0.86685552 0.86307838 0.87440982 0.87535411
 0.87157696 0.86968839 0.87440982 0.87063267 0.86685552 0.87346553
 0.8687441  0.8687441  0.8687441 ]"
mmlu,punctuation_30,gemma-3-12b-it,10,"[0.86968839 0.87535411 0.86968839 0.87440982 0.87252125 0.87252125
 0.87629839 0.87063267 0.87252125 0.8687441  0.87629839 0.87346553
 0.87818697 0.87440982 0.87913126 0.87157696]"
mmlu,punctuation_30,gemma-3-12b-it,15,"[0.87535411 0.88007554 0.88101983 0.87818697 0.88196412 0.87818697
 0.87535411 0.87535411 0.87440982 0.87629839 0.87913126]"
mmlu,punctuation_30,gemma-3-12b-it,20,[0.87818697 0.87913126 0.88007554 0.87629839 0.87629839 0.88007554]
mmlu,punctuation_30,gemma-3-12b-it,25,[0.87913126]
multiarith,punctuation_30,gemma-3-12b-it,1,"[0.97777778 0.97222222 0.96666667 0.96666667 0.98333333 0.96111111
 0.97222222 0.96666667 0.96666667 0.96666667 0.96666667 0.97222222
 0.97222222 0.96666667 0.97222222 0.95555556 0.95       0.96111111
 0.96111111 0.95       0.97777778 0.96666667 0.95555556 0.98333333
 0.96666667]"
multiarith,punctuation_30,gemma-3-12b-it,5,"[0.98333333 0.97222222 0.97777778 0.97777778 0.97777778 0.97777778
 0.97777778 0.98333333 0.98333333 0.98333333 0.97777778 0.98333333
 0.97222222 0.97777778 0.97777778 0.96666667 0.97222222 0.97222222
 0.97777778 0.97777778 0.97777778]"
multiarith,punctuation_30,gemma-3-12b-it,10,"[0.98333333 0.98333333 0.97777778 0.97777778 0.98333333 0.98333333
 0.98333333 0.97777778 0.98333333 0.97777778 0.97777778 0.97777778
 0.97777778 0.97777778 0.97222222 0.97777778]"
multiarith,punctuation_30,gemma-3-12b-it,15,"[0.98333333 0.98333333 0.98333333 0.98333333 0.98333333 0.98333333
 0.98333333 0.97777778 0.98333333 0.98333333 0.98333333]"
multiarith,punctuation_30,gemma-3-12b-it,20,[0.98333333 0.98333333 0.98333333 0.97777778 0.98333333 0.97777778]
multiarith,punctuation_30,gemma-3-12b-it,25,[0.98333333]
gsm,punctuation_30,gemma-3-4b-it,1,"[0.81956027 0.81273692 0.81652767 0.81197877 0.81122062 0.82335102
 0.81122062 0.80818802 0.82865807 0.81501137 0.81728582 0.82562547
 0.81501137 0.81197877 0.80970432 0.81122062 0.80212282 0.82941622
 0.82789992 0.83851403 0.81956027 0.81349507 0.82410917 0.80742987
 0.80439727]"
gsm,punctuation_30,gemma-3-4b-it,5,"[0.87187263 0.86808188 0.86277483 0.86580743 0.87263078 0.87414708
 0.87263078 0.87035633 0.87717968 0.87566338 0.87111448 0.87263078
 0.87187263 0.87414708 0.87490523 0.87566338 0.87793783 0.88703563
 0.88248673 0.87187263 0.87490523]"
gsm,punctuation_30,gemma-3-4b-it,10,"[0.88248673 0.87945413 0.88097043 0.87642153 0.88172858 0.88172858
 0.88400303 0.88476118 0.88703563 0.88248673 0.88400303 0.88551933
 0.88172858 0.88703563 0.88097043 0.87869598]"
gsm,punctuation_30,gemma-3-4b-it,15,"[0.88476118 0.88400303 0.88551933 0.88703563 0.88703563 0.88779378
 0.88627748 0.88931008 0.89006823 0.89006823 0.88324488]"
gsm,punctuation_30,gemma-3-4b-it,20,[0.88931008 0.88703563 0.88855193 0.88703563 0.88703563 0.88855193]
gsm,punctuation_30,gemma-3-4b-it,25,[0.88779378]
math,punctuation_30,gemma-3-4b-it,1,"[0.49 0.44 0.48 0.43 0.46 0.48 0.46 0.54 0.45 0.51 0.46 0.44 0.44 0.46
 0.48 0.44 0.51 0.45 0.48 0.47 0.45 0.53 0.48 0.53 0.47]"
math,punctuation_30,gemma-3-4b-it,5,"[0.55 0.52 0.55 0.56 0.59 0.58 0.59 0.6  0.53 0.56 0.53 0.52 0.55 0.56
 0.57 0.58 0.59 0.57 0.6  0.61 0.62]"
math,punctuation_30,gemma-3-4b-it,10,"[0.6  0.58 0.59 0.58 0.61 0.58 0.6  0.59 0.57 0.6  0.58 0.58 0.6  0.59
 0.62 0.63]"
math,punctuation_30,gemma-3-4b-it,15,[0.59 0.59 0.6  0.59 0.62 0.61 0.62 0.61 0.6  0.61 0.61]
math,punctuation_30,gemma-3-4b-it,20,[0.6  0.62 0.63 0.62 0.64 0.62]
math,punctuation_30,gemma-3-4b-it,25,[0.63]
mmlu,punctuation_30,gemma-3-4b-it,1,"[0.70160529 0.71765817 0.69971671 0.72521246 0.71954674 0.71954674
 0.71293673 0.68555241 0.69593957 0.72426818 0.7082153  0.69405099
 0.71388102 0.71671388 0.71388102 0.71010387 0.70160529 0.7082153
 0.69027384 0.71010387 0.73087819 0.71860246 0.70160529 0.69782814
 0.71388102]"
mmlu,punctuation_30,gemma-3-4b-it,5,"[0.75259679 0.7516525  0.75448536 0.75542965 0.74315392 0.73843248
 0.73937677 0.73654391 0.74693107 0.75448536 0.74315392 0.75354108
 0.75070822 0.75826251 0.74976393 0.74787535 0.75259679 0.7516525
 0.73654391 0.7374882  0.74693107]"
mmlu,punctuation_30,gemma-3-4b-it,10,"[0.75731822 0.75731822 0.75826251 0.75259679 0.76015109 0.76015109
 0.75259679 0.75259679 0.75826251 0.76392823 0.75637394 0.76015109
 0.75637394 0.76487252 0.75070822 0.74787535]"
mmlu,punctuation_30,gemma-3-4b-it,15,"[0.7592068  0.75637394 0.76487252 0.76298395 0.76109537 0.76392823
 0.75637394 0.75637394 0.76015109 0.76203966 0.75826251]"
mmlu,punctuation_30,gemma-3-4b-it,20,[0.76392823 0.76203966 0.76487252 0.76581681 0.76203966 0.7592068 ]
mmlu,punctuation_30,gemma-3-4b-it,25,[0.76487252]
multiarith,punctuation_30,gemma-3-4b-it,1,"[0.93888889 0.93333333 0.92777778 0.93888889 0.9        0.93333333
 0.91666667 0.93888889 0.95555556 0.93888889 0.93333333 0.93888889
 0.94444444 0.92777778 0.93888889 0.93888889 0.93888889 0.95555556
 0.92222222 0.94444444 0.92777778 0.92222222 0.94444444 0.93888889
 0.91666667]"
multiarith,punctuation_30,gemma-3-4b-it,5,"[0.95       0.96111111 0.95       0.95555556 0.96666667 0.97222222
 0.97222222 0.96111111 0.97222222 0.96111111 0.95555556 0.95555556
 0.95555556 0.96111111 0.96111111 0.96111111 0.94444444 0.96666667
 0.95555556 0.96111111 0.95555556]"
multiarith,punctuation_30,gemma-3-4b-it,10,"[0.97222222 0.97222222 0.95555556 0.96666667 0.97222222 0.97777778
 0.97222222 0.96666667 0.96666667 0.97222222 0.96666667 0.96666667
 0.95555556 0.95555556 0.95555556 0.95555556]"
multiarith,punctuation_30,gemma-3-4b-it,15,"[0.97777778 0.97222222 0.97222222 0.96111111 0.97222222 0.97222222
 0.97222222 0.96666667 0.96111111 0.95       0.95555556]"
multiarith,punctuation_30,gemma-3-4b-it,20,[0.97222222 0.96666667 0.96111111 0.96111111 0.96666667 0.96666667]
multiarith,punctuation_30,gemma-3-4b-it,25,[0.97222222]
gsm,punctuation_30,Llama-3.1-8B-Instruct,1,"[0.63153904 0.60803639 0.62395754 0.63912055 0.61410159 0.60879454
 0.61865049 0.62699014 0.62623199 0.6444276  0.62395754 0.62774829
 0.61940864 0.62699014 0.63457165 0.61485974 0.63002274 0.62471569
 0.6338135  0.60879454 0.60803639 0.62092494 0.6383624  0.61561789
 0.62699014]"
gsm,punctuation_30,Llama-3.1-8B-Instruct,5,"[0.76118271 0.74374526 0.74981046 0.74981046 0.74147081 0.75511751
 0.77407127 0.78695982 0.75739196 0.76648976 0.77028052 0.76194086
 0.75132676 0.76118271 0.77710387 0.77331312 0.75890826 0.76269901
 0.77179682 0.78847612 0.75511751]"
gsm,punctuation_30,Llama-3.1-8B-Instruct,10,"[0.83851403 0.83699773 0.83548143 0.83396513 0.84154663 0.85519333
 0.85291888 0.86050038 0.85822593 0.84685368 0.84457923 0.84306293
 0.84761183 0.85216073 0.85064443 0.83851403]"
gsm,punctuation_30,Llama-3.1-8B-Instruct,15,"[0.86050038 0.85595148 0.86429113 0.86353298 0.86656558 0.86808188
 0.87035633 0.87338893 0.87566338 0.86504928 0.86504928]"
gsm,punctuation_30,Llama-3.1-8B-Instruct,20,[0.87263078 0.87035633 0.87490523 0.87566338 0.87490523 0.87263078]
gsm,punctuation_30,Llama-3.1-8B-Instruct,25,[0.87717968]
math,punctuation_30,Llama-3.1-8B-Instruct,1,"[0.21 0.24 0.19 0.2  0.26 0.17 0.22 0.19 0.28 0.19 0.18 0.24 0.21 0.21
 0.19 0.24 0.18 0.17 0.19 0.25 0.2  0.19 0.23 0.22 0.22]"
math,punctuation_30,Llama-3.1-8B-Instruct,5,"[0.34 0.34 0.32 0.28 0.33 0.3  0.32 0.29 0.36 0.27 0.29 0.3  0.3  0.3
 0.27 0.32 0.31 0.29 0.34 0.35 0.32]"
math,punctuation_30,Llama-3.1-8B-Instruct,10,"[0.37 0.36 0.36 0.36 0.4  0.36 0.37 0.39 0.41 0.34 0.36 0.34 0.37 0.39
 0.35 0.34]"
math,punctuation_30,Llama-3.1-8B-Instruct,15,[0.42 0.38 0.39 0.38 0.4  0.38 0.38 0.4  0.42 0.38 0.39]
math,punctuation_30,Llama-3.1-8B-Instruct,20,[0.42 0.41 0.41 0.39 0.42 0.41]
math,punctuation_30,Llama-3.1-8B-Instruct,25,[0.44]
mmlu,punctuation_30,Llama-3.1-8B-Instruct,1,"[0.47025496 0.48441926 0.47686497 0.45892351 0.49291785 0.43909348
 0.46458924 0.46270066 0.46836638 0.4674221  0.4674221  0.49197356
 0.44759207 0.47308782 0.47214353 0.48064212 0.46175637 0.46931067
 0.47119924 0.47686497 0.48064212 0.49008499 0.44003777 0.46836638
 0.44853636]"
mmlu,punctuation_30,Llama-3.1-8B-Instruct,5,"[0.57412653 0.57507082 0.56090652 0.5694051  0.5769594  0.5694051
 0.56846081 0.57129367 0.57790368 0.57129367 0.5769594  0.57601511
 0.56468366 0.58640227 0.58073654 0.57601511 0.57979226 0.58829084
 0.55524079 0.57884797 0.57318225]"
mmlu,punctuation_30,Llama-3.1-8B-Instruct,10,"[0.61850803 0.61945231 0.62606232 0.6128423  0.61756374 0.60528801
 0.62511804 0.61378659 0.62511804 0.61756374 0.6279509  0.62889518
 0.60906516 0.62134089 0.63550519 0.61850803]"
mmlu,punctuation_30,Llama-3.1-8B-Instruct,15,"[0.62417375 0.62700661 0.63078376 0.63456091 0.62700661 0.61945231
 0.62606232 0.61850803 0.62889518 0.6279509  0.62228517]"
mmlu,punctuation_30,Llama-3.1-8B-Instruct,20,[0.64022663 0.63078376 0.63550519 0.62983947 0.63833805 0.63267233]
mmlu,punctuation_30,Llama-3.1-8B-Instruct,25,[0.63456091]
multiarith,punctuation_30,Llama-3.1-8B-Instruct,1,"[0.73333333 0.79444444 0.76111111 0.78333333 0.74444444 0.73888889
 0.75555556 0.73333333 0.79444444 0.77777778 0.75555556 0.76111111
 0.73333333 0.78888889 0.78888889 0.76666667 0.70555556 0.75555556
 0.75       0.78333333 0.71111111 0.77777778 0.77222222 0.73888889
 0.74444444]"
multiarith,punctuation_30,Llama-3.1-8B-Instruct,5,"[0.88888889 0.91666667 0.91111111 0.93333333 0.92777778 0.91111111
 0.9        0.89444444 0.92222222 0.93888889 0.92222222 0.93888889
 0.92222222 0.91111111 0.91666667 0.90555556 0.90555556 0.92222222
 0.93333333 0.92777778 0.91111111]"
multiarith,punctuation_30,Llama-3.1-8B-Instruct,10,"[0.94444444 0.95       0.95       0.94444444 0.94444444 0.93888889
 0.94444444 0.94444444 0.95       0.96111111 0.94444444 0.93888889
 0.96111111 0.95       0.96111111 0.95      ]"
multiarith,punctuation_30,Llama-3.1-8B-Instruct,15,"[0.95555556 0.95       0.95555556 0.95       0.95       0.95555556
 0.95       0.95       0.96111111 0.96111111 0.95555556]"
multiarith,punctuation_30,Llama-3.1-8B-Instruct,20,[0.95       0.95       0.95555556 0.96111111 0.95555556 0.95555556]
multiarith,punctuation_30,Llama-3.1-8B-Instruct,25,[0.96111111]
gsm,punctuation_30,Mistral-7B-Instruct-v0.3,1,"[0.37073541 0.36921911 0.3570887  0.35936315 0.3661865  0.37604246
 0.3616376  0.37149356 0.3525398  0.35784685 0.37528431 0.36770281
 0.3525398  0.35633055 0.38589841 0.3661865  0.36087945 0.37528431
 0.35936315 0.37300986 0.39196361 0.38968916 0.37755876 0.358605
 0.37604246]"
gsm,punctuation_30,Mistral-7B-Instruct-v0.3,5,"[0.50037908 0.50568613 0.51099318 0.50189538 0.45413192 0.47232752
 0.47536012 0.46550417 0.45261562 0.45261562 0.47232752 0.46171342
 0.46474602 0.47232752 0.48294162 0.49431387 0.47536012 0.48066717
 0.53222138 0.51402578 0.52843063]"
gsm,punctuation_30,Mistral-7B-Instruct-v0.3,10,"[0.58605004 0.58984079 0.56937074 0.55724033 0.56709629 0.58225929
 0.57240334 0.56709629 0.58074299 0.57088704 0.58832449 0.58529189
 0.60045489 0.59590599 0.59969674 0.59818044]"
gsm,punctuation_30,Mistral-7B-Instruct-v0.3,15,"[0.61940864 0.61485974 0.61485974 0.61637604 0.61334344 0.61410159
 0.61789234 0.62016679 0.63457165 0.63002274 0.6338135 ]"
gsm,punctuation_30,Mistral-7B-Instruct-v0.3,20,[0.6368461  0.64366945 0.64215315 0.6444276  0.6398787  0.641395  ]
gsm,punctuation_30,Mistral-7B-Instruct-v0.3,25,[0.65579985]
math,punctuation_30,Mistral-7B-Instruct-v0.3,1,"[0.07 0.04 0.07 0.05 0.06 0.04 0.1  0.03 0.03 0.09 0.08 0.07 0.06 0.07
 0.06 0.06 0.03 0.03 0.06 0.05 0.07 0.06 0.08 0.06 0.03]"
math,punctuation_30,Mistral-7B-Instruct-v0.3,5,"[0.07 0.06 0.07 0.09 0.09 0.1  0.12 0.07 0.08 0.12 0.08 0.1  0.09 0.09
 0.08 0.09 0.04 0.06 0.09 0.09 0.08]"
math,punctuation_30,Mistral-7B-Instruct-v0.3,10,"[0.11 0.12 0.12 0.15 0.14 0.14 0.15 0.11 0.11 0.12 0.14 0.11 0.11 0.13
 0.13 0.11]"
math,punctuation_30,Mistral-7B-Instruct-v0.3,15,[0.15 0.14 0.15 0.17 0.14 0.15 0.16 0.12 0.12 0.13 0.14]
math,punctuation_30,Mistral-7B-Instruct-v0.3,20,[0.15 0.15 0.16 0.15 0.15 0.15]
math,punctuation_30,Mistral-7B-Instruct-v0.3,25,[0.14]
mmlu,punctuation_30,Mistral-7B-Instruct-v0.3,1,"[0.34844193 0.37299339 0.34844193 0.36166195 0.32955619 0.3578848
 0.37393768 0.36260623 0.34183192 0.37299339 0.35694051 0.37016053
 0.36260623 0.33711048 0.35882908 0.35316336 0.35316336 0.35882908
 0.35127479 0.36449481 0.36166195 0.35316336 0.36827195 0.34560907
 0.37865911]"
mmlu,punctuation_30,Mistral-7B-Instruct-v0.3,5,"[0.40037771 0.40321058 0.39471199 0.39848914 0.38904627 0.42209632
 0.42209632 0.41170916 0.42209632 0.42020774 0.40793201 0.40037771
 0.41076487 0.38526912 0.40698772 0.40415486 0.40415486 0.39376771
 0.40226629 0.39754485 0.41359773]"
mmlu,punctuation_30,Mistral-7B-Instruct-v0.3,10,"[0.42870633 0.42965061 0.42681775 0.42587347 0.40509915 0.42398489
 0.42587347 0.41737488 0.42115203 0.42492918 0.41737488 0.42209632
 0.40982059 0.40982059 0.43153919 0.41548631]"
mmlu,punctuation_30,Mistral-7B-Instruct-v0.3,15,"[0.43342776 0.43626062 0.43153919 0.42776204 0.42870633 0.43531634
 0.43531634 0.41737488 0.43437205 0.42776204 0.42681775]"
mmlu,punctuation_30,Mistral-7B-Instruct-v0.3,20,[0.4381492  0.43720491 0.43153919 0.42870633 0.42492918 0.43153919]
mmlu,punctuation_30,Mistral-7B-Instruct-v0.3,25,[0.43720491]
multiarith,punctuation_30,Mistral-7B-Instruct-v0.3,1,"[0.62777778 0.71111111 0.63888889 0.61111111 0.67222222 0.65
 0.66111111 0.60555556 0.61666667 0.61666667 0.68888889 0.65555556
 0.64444444 0.68888889 0.65555556 0.67222222 0.66666667 0.65
 0.62777778 0.70555556 0.69444444 0.71111111 0.65555556 0.63888889
 0.66111111]"
multiarith,punctuation_30,Mistral-7B-Instruct-v0.3,5,"[0.83333333 0.85555556 0.82777778 0.83888889 0.83888889 0.83888889
 0.86666667 0.83888889 0.83888889 0.86111111 0.85555556 0.84444444
 0.86111111 0.87777778 0.88333333 0.87777778 0.87777778 0.87222222
 0.81111111 0.87777778 0.83888889]"
multiarith,punctuation_30,Mistral-7B-Instruct-v0.3,10,"[0.9        0.90555556 0.90555556 0.9        0.92222222 0.90555556
 0.92777778 0.92777778 0.92777778 0.93333333 0.93333333 0.92222222
 0.91666667 0.92222222 0.92222222 0.92777778]"
multiarith,punctuation_30,Mistral-7B-Instruct-v0.3,15,"[0.93333333 0.93333333 0.92777778 0.92777778 0.93888889 0.93888889
 0.95       0.95       0.94444444 0.93888889 0.94444444]"
multiarith,punctuation_30,Mistral-7B-Instruct-v0.3,20,[0.94444444 0.96111111 0.94444444 0.94444444 0.93888889 0.95      ]
multiarith,punctuation_30,Mistral-7B-Instruct-v0.3,25,[0.95]
gsm,punctuation_30,Qwen3-14B,1,"[0.85367703 0.86504928 0.85595148 0.85670963 0.85898408 0.86580743
 0.87414708 0.85974223 0.86125853 0.85974223 0.85822593 0.85595148
 0.87111448 0.85216073 0.85670963 0.86353298 0.87263078 0.85291888
 0.86125853 0.85974223 0.85974223 0.86353298 0.86429113 0.86050038
 0.86201668]"
gsm,punctuation_30,Qwen3-14B,5,"[0.91281274 0.90750569 0.91357089 0.91357089 0.91508719 0.91660349
 0.91584534 0.91129644 0.91357089 0.90902199 0.91432904 0.91281274
 0.91660349 0.91508719 0.91508719 0.91963609 0.92115239 0.91357089
 0.92266869 0.91887794 0.91811979]"
gsm,punctuation_30,Qwen3-14B,10,"[0.92266869 0.92039424 0.92418499 0.92418499 0.92115239 0.92418499
 0.92494314 0.92191054 0.92645944 0.92191054 0.92191054 0.92418499
 0.92494314 0.92494314 0.92645944 0.92873389]"
gsm,punctuation_30,Qwen3-14B,15,"[0.92418499 0.92191054 0.92494314 0.92494314 0.92418499 0.92645944
 0.92873389 0.92721759 0.92721759 0.92721759 0.92721759]"
gsm,punctuation_30,Qwen3-14B,20,[0.92721759 0.92645944 0.92949204 0.92645944 0.92570129 0.92873389]
gsm,punctuation_30,Qwen3-14B,25,[0.92949204]
math,punctuation_30,Qwen3-14B,1,"[0.47 0.44 0.47 0.49 0.48 0.48 0.45 0.44 0.5  0.48 0.46 0.51 0.46 0.47
 0.5  0.43 0.5  0.52 0.53 0.43 0.47 0.47 0.48 0.46 0.41]"
math,punctuation_30,Qwen3-14B,5,"[0.55 0.56 0.55 0.6  0.59 0.56 0.58 0.59 0.61 0.61 0.57 0.57 0.56 0.61
 0.6  0.58 0.56 0.6  0.59 0.53 0.55]"
math,punctuation_30,Qwen3-14B,10,"[0.63 0.65 0.64 0.64 0.66 0.66 0.63 0.62 0.66 0.66 0.63 0.63 0.62 0.63
 0.65 0.63]"
math,punctuation_30,Qwen3-14B,15,[0.66 0.67 0.65 0.66 0.67 0.67 0.65 0.65 0.67 0.68 0.64]
math,punctuation_30,Qwen3-14B,20,[0.66 0.68 0.66 0.66 0.69 0.7 ]
math,punctuation_30,Qwen3-14B,25,[0.69]
mmlu,punctuation_30,Qwen3-14B,1,"[0.81869688 0.80642115 0.81397545 0.80830973 0.8101983  0.80547686
 0.80358829 0.79225685 0.79981114 0.8177526  0.80830973 0.79603399
 0.80925401 0.8101983  0.80169972 0.80358829 0.80642115 0.81114259
 0.81303116 0.80736544 0.80830973 0.8177526  0.8101983  0.81397545
 0.81114259]"
mmlu,punctuation_30,Qwen3-14B,5,"[0.83474976 0.82436261 0.82247403 0.82908404 0.81586402 0.81680831
 0.82247403 0.8177526  0.81208687 0.82247403 0.82530689 0.81303116
 0.81680831 0.81869688 0.81680831 0.81397545 0.8177526  0.82813975
 0.82719547 0.82341832 0.83380548]"
mmlu,punctuation_30,Qwen3-14B,10,"[0.82625118 0.81964117 0.82530689 0.81397545 0.82625118 0.82152975
 0.81869688 0.81680831 0.81586402 0.82341832 0.81964117 0.8177526
 0.82436261 0.82247403 0.82530689 0.82625118]"
mmlu,punctuation_30,Qwen3-14B,15,"[0.82625118 0.82247403 0.81680831 0.82152975 0.82152975 0.82152975
 0.82247403 0.82058546 0.82152975 0.82247403 0.82530689]"
mmlu,punctuation_30,Qwen3-14B,20,[0.82719547 0.82530689 0.82436261 0.82247403 0.82625118 0.82436261]
mmlu,punctuation_30,Qwen3-14B,25,[0.83002833]
multiarith,punctuation_30,Qwen3-14B,1,"[0.97777778 0.96111111 0.98333333 0.96666667 0.98333333 0.95
 0.97777778 0.97222222 0.97222222 0.96666667 0.96666667 0.97222222
 0.97222222 0.98333333 0.97777778 0.98888889 0.97222222 0.98888889
 0.96666667 0.98333333 0.98333333 0.97777778 0.95       0.98888889
 0.96666667]"
multiarith,punctuation_30,Qwen3-14B,5,"[0.98333333 0.98333333 0.98888889 0.98333333 0.99444444 0.98888889
 0.98888889 0.99444444 0.98888889 0.98333333 0.98333333 0.98888889
 0.99444444 0.98888889 0.99444444 0.99444444 0.99444444 0.99444444
 0.99444444 0.99444444 0.99444444]"
multiarith,punctuation_30,Qwen3-14B,10,"[0.98333333 0.98333333 0.98888889 0.98333333 0.98333333 0.98333333
 0.98888889 0.99444444 0.99444444 0.98888889 0.98888889 0.99444444
 0.99444444 0.99444444 0.99444444 0.99444444]"
multiarith,punctuation_30,Qwen3-14B,15,"[0.98333333 0.98888889 0.98888889 0.98888889 0.99444444 0.99444444
 0.99444444 0.99444444 0.99444444 0.99444444 0.99444444]"
multiarith,punctuation_30,Qwen3-14B,20,[0.98888889 0.99444444 0.99444444 0.99444444 0.99444444 0.99444444]
multiarith,punctuation_30,Qwen3-14B,25,[0.99444444]
gsm,punctuation_30,Qwen3-4B,1,"[0.76724792 0.78089462 0.78089462 0.77028052 0.77331312 0.77937832
 0.78847612 0.77634572 0.78695982 0.78165277 0.76800607 0.77255497
 0.77710387 0.79681577 0.77786202 0.76800607 0.76345716 0.76497346
 0.79150872 0.76800607 0.79984837 0.77862017 0.77179682 0.77331312
 0.77862017]"
gsm,punctuation_30,Qwen3-4B,5,"[0.87187263 0.87187263 0.87566338 0.87035633 0.88172858 0.88324488
 0.87490523 0.86808188 0.86808188 0.86580743 0.86429113 0.87187263
 0.86959818 0.87263078 0.86959818 0.85519333 0.86504928 0.86050038
 0.86125853 0.86353298 0.87187263]"
gsm,punctuation_30,Qwen3-4B,10,"[0.89461713 0.89310083 0.89082638 0.89082638 0.89234268 0.89613343
 0.89310083 0.89385898 0.89158453 0.89006823 0.88551933 0.88476118
 0.88324488 0.88703563 0.88779378 0.89158453]"
gsm,punctuation_30,Qwen3-4B,15,"[0.89613343 0.89689158 0.89689158 0.89613343 0.89764973 0.89689158
 0.89689158 0.89840788 0.89385898 0.89082638 0.88779378]"
gsm,punctuation_30,Qwen3-4B,20,[0.89916603 0.89689158 0.90068234 0.89764973 0.90144049 0.90144049]
gsm,punctuation_30,Qwen3-4B,25,[0.89916603]
math,punctuation_30,Qwen3-4B,1,"[0.45 0.44 0.48 0.49 0.42 0.43 0.46 0.5  0.51 0.46 0.56 0.52 0.51 0.48
 0.44 0.49 0.48 0.46 0.46 0.5  0.46 0.49 0.58 0.52 0.51]"
math,punctuation_30,Qwen3-4B,5,"[0.58 0.57 0.56 0.57 0.58 0.6  0.65 0.66 0.65 0.63 0.67 0.6  0.57 0.56
 0.57 0.61 0.58 0.6  0.6  0.62 0.62]"
math,punctuation_30,Qwen3-4B,10,"[0.66 0.66 0.66 0.66 0.67 0.64 0.66 0.65 0.68 0.65 0.68 0.65 0.62 0.62
 0.66 0.68]"
math,punctuation_30,Qwen3-4B,15,[0.66 0.66 0.65 0.67 0.68 0.68 0.68 0.68 0.7  0.68 0.7 ]
math,punctuation_30,Qwen3-4B,20,[0.68 0.68 0.68 0.69 0.71 0.69]
math,punctuation_30,Qwen3-4B,25,[0.7]
mmlu,punctuation_30,Qwen3-4B,1,"[0.80925401 0.78753541 0.80547686 0.79792257 0.79225685 0.79508971
 0.79886686 0.79981114 0.80453258 0.80358829 0.79414542 0.80453258
 0.80547686 0.79320113 0.80642115 0.80925401 0.80169972 0.8101983
 0.80547686 0.79603399 0.80358829 0.80736544 0.79603399 0.80830973
 0.80453258]"
mmlu,punctuation_30,Qwen3-4B,5,"[0.81491974 0.81586402 0.81869688 0.81964117 0.82247403 0.83002833
 0.82530689 0.81869688 0.82813975 0.82813975 0.82625118 0.82908404
 0.82436261 0.82530689 0.82908404 0.82625118 0.82719547 0.82341832
 0.82152975 0.82341832 0.82341832]"
mmlu,punctuation_30,Qwen3-4B,10,"[0.82625118 0.81964117 0.82341832 0.82813975 0.82341832 0.83286119
 0.82719547 0.82625118 0.83097262 0.83569405 0.8319169  0.83663834
 0.83380548 0.82530689 0.83097262 0.83097262]"
mmlu,punctuation_30,Qwen3-4B,15,"[0.82530689 0.82813975 0.83002833 0.83097262 0.82908404 0.82908404
 0.82813975 0.82719547 0.82625118 0.83474976 0.8319169 ]"
mmlu,punctuation_30,Qwen3-4B,20,[0.8319169  0.82813975 0.83286119 0.82719547 0.82719547 0.83474976]
mmlu,punctuation_30,Qwen3-4B,25,[0.83097262]
multiarith,punctuation_30,Qwen3-4B,1,"[0.88888889 0.92222222 0.91111111 0.86666667 0.87777778 0.91666667
 0.88888889 0.92777778 0.93888889 0.90555556 0.91111111 0.91111111
 0.86666667 0.90555556 0.91111111 0.94444444 0.88888889 0.87222222
 0.91111111 0.92222222 0.87222222 0.90555556 0.87777778 0.9
 0.91111111]"
multiarith,punctuation_30,Qwen3-4B,5,"[0.95555556 0.96666667 0.97222222 0.96666667 0.96111111 0.96666667
 0.95555556 0.97222222 0.96666667 0.95555556 0.95555556 0.97222222
 0.96666667 0.97777778 0.97222222 0.98333333 0.97222222 0.96111111
 0.96666667 0.97222222 0.96666667]"
multiarith,punctuation_30,Qwen3-4B,10,"[0.96666667 0.97222222 0.96111111 0.95555556 0.96111111 0.96666667
 0.97222222 0.97222222 0.97777778 0.97222222 0.97222222 0.97222222
 0.97222222 0.97222222 0.97777778 0.97777778]"
multiarith,punctuation_30,Qwen3-4B,15,"[0.96666667 0.97777778 0.97777778 0.97777778 0.97777778 0.97222222
 0.97222222 0.97222222 0.97222222 0.97222222 0.97222222]"
multiarith,punctuation_30,Qwen3-4B,20,[0.97777778 0.97777778 0.97222222 0.97222222 0.97222222 0.97222222]
multiarith,punctuation_30,Qwen3-4B,25,[0.97777778]
gsm,punctuation_50,gemma-3-12b-it,1,"[0.90144049 0.89537528 0.89689158 0.89992418 0.88931008 0.89461713
 0.89840788 0.90447309 0.89764973 0.89310083 0.88931008 0.90144049
 0.90371494 0.90144049 0.89537528 0.90068234 0.89234268 0.90144049
 0.89992418 0.89234268 0.89234268 0.88931008 0.90295679 0.89158453
 0.88779378]"
gsm,punctuation_50,gemma-3-12b-it,5,"[0.91660349 0.91584534 0.91736164 0.91887794 0.92115239 0.91887794
 0.91660349 0.92039424 0.91736164 0.92039424 0.92191054 0.92494314
 0.92342684 0.92418499 0.92039424 0.91736164 0.91660349 0.91281274
 0.91584534 0.91053829 0.91129644]"
gsm,punctuation_50,gemma-3-12b-it,10,"[0.92191054 0.91660349 0.92039424 0.92266869 0.92266869 0.92115239
 0.92115239 0.92418499 0.92418499 0.92191054 0.92039424 0.92191054
 0.92115239 0.92266869 0.92039424 0.91736164]"
gsm,punctuation_50,gemma-3-12b-it,15,"[0.92342684 0.92494314 0.92115239 0.92494314 0.92721759 0.92494314
 0.92115239 0.92266869 0.91963609 0.91963609 0.92039424]"
gsm,punctuation_50,gemma-3-12b-it,20,[0.92266869 0.92115239 0.92266869 0.92342684 0.92191054 0.92115239]
gsm,punctuation_50,gemma-3-12b-it,25,[0.92266869]
math,punctuation_50,gemma-3-12b-it,1,"[0.61 0.57 0.63 0.6  0.6  0.59 0.56 0.58 0.57 0.56 0.59 0.61 0.63 0.61
 0.6  0.54 0.66 0.61 0.59 0.57 0.57 0.63 0.58 0.59 0.62]"
math,punctuation_50,gemma-3-12b-it,5,"[0.65 0.6  0.61 0.59 0.63 0.62 0.6  0.62 0.64 0.61 0.64 0.63 0.67 0.6
 0.63 0.6  0.64 0.64 0.62 0.61 0.61]"
math,punctuation_50,gemma-3-12b-it,10,"[0.64 0.61 0.64 0.63 0.63 0.63 0.62 0.64 0.65 0.63 0.65 0.64 0.65 0.64
 0.63 0.63]"
math,punctuation_50,gemma-3-12b-it,15,[0.65 0.61 0.63 0.63 0.63 0.63 0.62 0.63 0.66 0.64 0.66]
math,punctuation_50,gemma-3-12b-it,20,[0.65 0.6  0.64 0.64 0.64 0.63]
math,punctuation_50,gemma-3-12b-it,25,[0.65]
mmlu,punctuation_50,gemma-3-12b-it,1,"[0.82436261 0.82341832 0.83380548 0.82436261 0.82341832 0.84230406
 0.82625118 0.82908404 0.82625118 0.8319169  0.83002833 0.82436261
 0.83286119 0.84041549 0.83097262 0.82813975 0.8177526  0.82436261
 0.83097262 0.83286119 0.83097262 0.82341832 0.82436261 0.83474976
 0.83852691]"
mmlu,punctuation_50,gemma-3-12b-it,5,"[0.8470255  0.85080264 0.85080264 0.85174693 0.85080264 0.85930123
 0.85174693 0.84891407 0.85080264 0.85363551 0.85552408 0.85363551
 0.84985836 0.85363551 0.84513692 0.83852691 0.84324835 0.85080264
 0.85363551 0.84891407 0.85741265]"
mmlu,punctuation_50,gemma-3-12b-it,10,"[0.85457979 0.85552408 0.86024551 0.85835694 0.85835694 0.85741265
 0.85363551 0.85457979 0.85646837 0.85741265 0.85835694 0.85457979
 0.85741265 0.85552408 0.85269122 0.84891407]"
mmlu,punctuation_50,gemma-3-12b-it,15,"[0.86307838 0.86402266 0.8611898  0.85835694 0.86213409 0.8611898
 0.85930123 0.85835694 0.85363551 0.8611898  0.85930123]"
mmlu,punctuation_50,gemma-3-12b-it,20,[0.85741265 0.86024551 0.8611898  0.85835694 0.85835694 0.85930123]
mmlu,punctuation_50,gemma-3-12b-it,25,[0.86024551]
multiarith,punctuation_50,gemma-3-12b-it,1,"[0.97222222 0.95555556 0.95555556 0.94444444 0.94444444 0.96111111
 0.93888889 0.93888889 0.97222222 0.94444444 0.92777778 0.96111111
 0.94444444 0.97222222 0.95       0.93888889 0.95555556 0.92777778
 0.93888889 0.94444444 0.94444444 0.96111111 0.93888889 0.95
 0.95555556]"
multiarith,punctuation_50,gemma-3-12b-it,5,"[0.97222222 0.96666667 0.96111111 0.96111111 0.96666667 0.96111111
 0.94444444 0.97222222 0.97222222 0.96111111 0.96666667 0.97222222
 0.96111111 0.96111111 0.94444444 0.95555556 0.95       0.94444444
 0.95       0.96111111 0.95555556]"
multiarith,punctuation_50,gemma-3-12b-it,10,"[0.97222222 0.96666667 0.96111111 0.96666667 0.96111111 0.97777778
 0.96666667 0.95555556 0.98333333 0.95555556 0.95555556 0.96111111
 0.96666667 0.95555556 0.96111111 0.96666667]"
multiarith,punctuation_50,gemma-3-12b-it,15,"[0.97222222 0.97777778 0.97777778 0.97777778 0.97222222 0.96666667
 0.96111111 0.96666667 0.96666667 0.96666667 0.96666667]"
multiarith,punctuation_50,gemma-3-12b-it,20,[0.97222222 0.97222222 0.97222222 0.96666667 0.97777778 0.96666667]
multiarith,punctuation_50,gemma-3-12b-it,25,[0.96666667]
gsm,punctuation_50,gemma-3-4b-it,1,"[0.81122062 0.80742987 0.80439727 0.80363912 0.80288097 0.78620167
 0.80439727 0.79681577 0.80515542 0.79833207 0.79454132 0.80136467
 0.79605762 0.80591357 0.80060652 0.80742987 0.81425322 0.80742987
 0.80742987 0.80288097 0.80667172 0.79302502 0.81122062 0.81349507
 0.80212282]"
gsm,punctuation_50,gemma-3-4b-it,5,"[0.85898408 0.85443518 0.85519333 0.84533738 0.84988628 0.84988628
 0.85216073 0.84912813 0.85670963 0.85443518 0.86050038 0.86050038
 0.86201668 0.86050038 0.86125853 0.85898408 0.86050038 0.85595148
 0.86277483 0.86504928 0.86808188]"
gsm,punctuation_50,gemma-3-4b-it,10,"[0.86884003 0.86504928 0.86808188 0.86580743 0.86732373 0.86125853
 0.86429113 0.86732373 0.86504928 0.87187263 0.87414708 0.87566338
 0.86959818 0.87111448 0.87263078 0.87414708]"
gsm,punctuation_50,gemma-3-4b-it,15,"[0.87187263 0.86959818 0.87263078 0.86732373 0.86884003 0.86656558
 0.87111448 0.87187263 0.87263078 0.87642153 0.87717968]"
gsm,punctuation_50,gemma-3-4b-it,20,[0.87338893 0.87111448 0.87566338 0.87642153 0.87263078 0.87035633]
gsm,punctuation_50,gemma-3-4b-it,25,[0.87642153]
math,punctuation_50,gemma-3-4b-it,1,"[0.46 0.42 0.41 0.42 0.48 0.47 0.44 0.44 0.47 0.46 0.51 0.43 0.51 0.43
 0.48 0.43 0.45 0.46 0.47 0.47 0.46 0.47 0.48 0.46 0.48]"
math,punctuation_50,gemma-3-4b-it,5,"[0.5  0.56 0.55 0.55 0.56 0.55 0.55 0.56 0.57 0.56 0.54 0.51 0.55 0.53
 0.56 0.56 0.58 0.56 0.58 0.56 0.59]"
math,punctuation_50,gemma-3-4b-it,10,"[0.56 0.55 0.53 0.56 0.55 0.56 0.56 0.58 0.57 0.59 0.59 0.56 0.56 0.57
 0.58 0.6 ]"
math,punctuation_50,gemma-3-4b-it,15,[0.56 0.56 0.56 0.58 0.58 0.61 0.59 0.62 0.6  0.59 0.59]
math,punctuation_50,gemma-3-4b-it,20,[0.58 0.59 0.57 0.59 0.59 0.58]
math,punctuation_50,gemma-3-4b-it,25,[0.59]
mmlu,punctuation_50,gemma-3-4b-it,1,"[0.73371105 0.71199245 0.700661   0.70254958 0.70349386 0.70443815
 0.69688385 0.69877243 0.7223796  0.70349386 0.69782814 0.71293673
 0.70443815 0.70349386 0.69499528 0.70632672 0.71199245 0.70727101
 0.7082153  0.71860246 0.71199245 0.69971671 0.7082153  0.71388102
 0.70915958]"
mmlu,punctuation_50,gemma-3-4b-it,5,"[0.75826251 0.74881964 0.7374882  0.73559962 0.73276676 0.73087819
 0.74126534 0.74409821 0.74315392 0.74032106 0.72898961 0.73465534
 0.74032106 0.74315392 0.74126534 0.75070822 0.75637394 0.7374882
 0.74787535 0.75542965 0.74881964]"
mmlu,punctuation_50,gemma-3-4b-it,10,"[0.75259679 0.75070822 0.74881964 0.7374882  0.74409821 0.74409821
 0.75070822 0.74032106 0.76015109 0.75070822 0.74881964 0.75259679
 0.75731822 0.75731822 0.76109537 0.76298395]"
mmlu,punctuation_50,gemma-3-4b-it,15,"[0.75731822 0.75259679 0.75259679 0.74881964 0.75448536 0.75259679
 0.75731822 0.7592068  0.76487252 0.75448536 0.75731822]"
mmlu,punctuation_50,gemma-3-4b-it,20,[0.7592068  0.76109537 0.76109537 0.75259679 0.76015109 0.75637394]
mmlu,punctuation_50,gemma-3-4b-it,25,[0.7592068]
multiarith,punctuation_50,gemma-3-4b-it,1,"[0.92777778 0.93333333 0.91666667 0.93888889 0.92222222 0.91666667
 0.92222222 0.92222222 0.95       0.91666667 0.91666667 0.92222222
 0.95555556 0.91666667 0.92777778 0.93888889 0.93888889 0.92222222
 0.93333333 0.92222222 0.94444444 0.95       0.93888889 0.92222222
 0.94444444]"
multiarith,punctuation_50,gemma-3-4b-it,5,"[0.95       0.95555556 0.94444444 0.94444444 0.95       0.95
 0.95555556 0.96111111 0.95555556 0.96111111 0.95555556 0.95555556
 0.95       0.95       0.94444444 0.95       0.96111111 0.95555556
 0.95       0.96111111 0.95555556]"
multiarith,punctuation_50,gemma-3-4b-it,10,"[0.95       0.95555556 0.95555556 0.95555556 0.95555556 0.95555556
 0.95555556 0.95555556 0.95555556 0.95555556 0.95555556 0.95555556
 0.95555556 0.95555556 0.95555556 0.95555556]"
multiarith,punctuation_50,gemma-3-4b-it,15,"[0.95555556 0.95555556 0.95555556 0.95555556 0.95555556 0.95555556
 0.95555556 0.95555556 0.95555556 0.96111111 0.95555556]"
multiarith,punctuation_50,gemma-3-4b-it,20,[0.95555556 0.95555556 0.95555556 0.95555556 0.95555556 0.95555556]
multiarith,punctuation_50,gemma-3-4b-it,25,[0.95555556]
gsm,punctuation_50,Llama-3.1-8B-Instruct,1,"[0.6233871  0.61370968 0.60645161 0.61774194 0.60403226 0.61290323
 0.63064516 0.61370968 0.61854839 0.61532258 0.62741935 0.61693548
 0.61048387 0.58225806 0.60806452 0.60887097 0.61612903 0.60967742
 0.62822581 0.61532258 0.6233871  0.61693548 0.60403226 0.62258065
 0.59596774]"
gsm,punctuation_50,Llama-3.1-8B-Instruct,5,"[0.74758065 0.73870968 0.75645161 0.75645161 0.75080645 0.76209677
 0.75322581 0.77258065 0.75322581 0.73709677 0.74677419 0.73629032
 0.72580645 0.72983871 0.73064516 0.74274194 0.775      0.75
 0.75403226 0.77096774 0.75967742]"
gsm,punctuation_50,Llama-3.1-8B-Instruct,10,"[0.83951613 0.83709677 0.83709677 0.84274194 0.82983871 0.82983871
 0.83145161 0.83145161 0.83225806 0.83548387 0.83306452 0.82580645
 0.82822581 0.83306452 0.83629032 0.84274194]"
gsm,punctuation_50,Llama-3.1-8B-Instruct,15,"[0.85887097 0.86129032 0.85725806 0.85725806 0.85645161 0.86129032
 0.85806452 0.85564516 0.85241935 0.8516129  0.85      ]"
gsm,punctuation_50,Llama-3.1-8B-Instruct,20,[0.86370968 0.86774194 0.86612903 0.87016129 0.86774194 0.86451613]
gsm,punctuation_50,Llama-3.1-8B-Instruct,25,[0.8733871]
math,punctuation_50,Llama-3.1-8B-Instruct,1,"[0.23 0.17 0.23 0.21 0.22 0.24 0.19 0.17 0.2  0.21 0.23 0.21 0.18 0.14
 0.15 0.19 0.2  0.18 0.26 0.25 0.2  0.15 0.21 0.2  0.26]"
math,punctuation_50,Llama-3.1-8B-Instruct,5,"[0.36 0.29 0.31 0.31 0.33 0.3  0.3  0.25 0.3  0.31 0.32 0.31 0.25 0.24
 0.34 0.35 0.32 0.32 0.32 0.32 0.32]"
math,punctuation_50,Llama-3.1-8B-Instruct,10,"[0.37 0.36 0.39 0.38 0.38 0.38 0.37 0.37 0.43 0.41 0.4  0.42 0.36 0.38
 0.4  0.38]"
math,punctuation_50,Llama-3.1-8B-Instruct,15,[0.39 0.38 0.4  0.39 0.42 0.42 0.41 0.41 0.44 0.42 0.4 ]
math,punctuation_50,Llama-3.1-8B-Instruct,20,[0.39 0.39 0.41 0.41 0.43 0.43]
math,punctuation_50,Llama-3.1-8B-Instruct,25,[0.41]
mmlu,punctuation_50,Llama-3.1-8B-Instruct,1,"[0.4523135  0.46553352 0.45042493 0.46081209 0.44192635 0.45609065
 0.46270066 0.44853636 0.45797923 0.44475921 0.45797923 0.45325779
 0.4230406  0.45514636 0.44570349 0.42776204 0.46364495 0.44853636
 0.43342776 0.48253069 0.45042493 0.4230406  0.4523135  0.44853636
 0.46175637]"
mmlu,punctuation_50,Llama-3.1-8B-Instruct,5,"[0.54107649 0.56090652 0.55901794 0.55901794 0.55524079 0.56090652
 0.56468366 0.54579792 0.5476865  0.54390935 0.55146364 0.54202077
 0.5401322  0.55901794 0.55429651 0.54957507 0.58168083 0.54485364
 0.53729934 0.55712937 0.54863078]"
mmlu,punctuation_50,Llama-3.1-8B-Instruct,10,"[0.598678   0.60339943 0.61189802 0.60623229 0.60151086 0.59678942
 0.598678   0.5911237  0.59962229 0.60056657 0.59678942 0.59301228
 0.57979226 0.59395656 0.58734655 0.598678  ]"
mmlu,punctuation_50,Llama-3.1-8B-Instruct,15,"[0.61189802 0.61567517 0.60151086 0.62511804 0.61378659 0.62417375
 0.61945231 0.60812087 0.60056657 0.60151086 0.60339943]"
mmlu,punctuation_50,Llama-3.1-8B-Instruct,20,[0.62700661 0.62322946 0.61945231 0.62134089 0.61473088 0.61945231]
mmlu,punctuation_50,Llama-3.1-8B-Instruct,25,[0.62417375]
multiarith,punctuation_50,Llama-3.1-8B-Instruct,1,"[0.72222222 0.76666667 0.72777778 0.78333333 0.80555556 0.76666667
 0.72222222 0.70555556 0.76111111 0.76111111 0.76666667 0.73888889
 0.77222222 0.77222222 0.72777778 0.78333333 0.78888889 0.73888889
 0.75555556 0.72777778 0.78888889 0.73888889 0.71111111 0.76666667
 0.73333333]"
multiarith,punctuation_50,Llama-3.1-8B-Instruct,5,"[0.86111111 0.92777778 0.88888889 0.90555556 0.91111111 0.91111111
 0.89444444 0.90555556 0.9        0.90555556 0.9        0.90555556
 0.9        0.88333333 0.88333333 0.86666667 0.86666667 0.88888889
 0.90555556 0.86666667 0.86666667]"
multiarith,punctuation_50,Llama-3.1-8B-Instruct,10,"[0.93888889 0.93333333 0.93333333 0.93333333 0.93333333 0.92777778
 0.92222222 0.92777778 0.92222222 0.93333333 0.92777778 0.91666667
 0.91111111 0.93333333 0.91111111 0.90555556]"
multiarith,punctuation_50,Llama-3.1-8B-Instruct,15,"[0.94444444 0.93333333 0.93333333 0.93333333 0.93333333 0.93333333
 0.92777778 0.92777778 0.93333333 0.93333333 0.92777778]"
multiarith,punctuation_50,Llama-3.1-8B-Instruct,20,[0.93888889 0.93333333 0.93333333 0.93888889 0.93888889 0.93888889]
multiarith,punctuation_50,Llama-3.1-8B-Instruct,25,[0.93333333]
gsm,punctuation_50,Mistral-7B-Instruct-v0.3,1,"[0.33358605 0.32752085 0.3206975  0.33813495 0.3328279  0.3328279
 0.37149356 0.35329795 0.34723275 0.33206975 0.3146323  0.35026535
 0.32752085 0.3343442  0.3313116  0.3191812  0.33358605 0.35178165
 0.3661865  0.313116   0.33661865 0.33661865 0.35026535 0.3495072
 0.3555724 ]"
gsm,punctuation_50,Mistral-7B-Instruct-v0.3,5,"[0.40409401 0.42532221 0.39727066 0.42532221 0.44882487 0.42456406
 0.43972707 0.43593632 0.44048522 0.41774071 0.41319181 0.43669447
 0.45868082 0.46322972 0.46171342 0.45261562 0.43290371 0.42228961
 0.43896892 0.41015921 0.44048522]"
gsm,punctuation_50,Mistral-7B-Instruct-v0.3,10,"[0.53373768 0.52539803 0.53828658 0.54283548 0.54207733 0.54131918
 0.54131918 0.54662623 0.53980288 0.53146323 0.53222138 0.54131918
 0.53980288 0.53373768 0.53601213 0.54283548]"
gsm,punctuation_50,Mistral-7B-Instruct-v0.3,15,"[0.57695224 0.57771039 0.57467779 0.57543594 0.57619409 0.58225929
 0.58529189 0.58984079 0.59135709 0.58150114 0.58074299]"
gsm,punctuation_50,Mistral-7B-Instruct-v0.3,20,[0.60500379 0.60197119 0.60727824 0.60803639 0.60879454 0.61106899]
gsm,punctuation_50,Mistral-7B-Instruct-v0.3,25,[0.61789234]
math,punctuation_50,Mistral-7B-Instruct-v0.3,1,"[0.04 0.06 0.03 0.03 0.03 0.04 0.03 0.04 0.02 0.08 0.12 0.05 0.07 0.03
 0.07 0.06 0.04 0.03 0.04 0.07 0.02 0.07 0.04 0.07 0.05]"
math,punctuation_50,Mistral-7B-Instruct-v0.3,5,"[0.05 0.05 0.03 0.03 0.06 0.07 0.07 0.07 0.09 0.13 0.13 0.06 0.09 0.05
 0.1  0.06 0.05 0.05 0.08 0.06 0.06]"
math,punctuation_50,Mistral-7B-Instruct-v0.3,10,"[0.06 0.06 0.08 0.09 0.1  0.08 0.1  0.1  0.11 0.15 0.14 0.07 0.11 0.1
 0.14 0.12]"
math,punctuation_50,Mistral-7B-Instruct-v0.3,15,[0.1  0.09 0.08 0.09 0.1  0.11 0.12 0.13 0.11 0.15 0.15]
math,punctuation_50,Mistral-7B-Instruct-v0.3,20,[0.09 0.09 0.1  0.11 0.1  0.13]
math,punctuation_50,Mistral-7B-Instruct-v0.3,25,[0.1]
mmlu,punctuation_50,Mistral-7B-Instruct-v0.3,1,"[0.36355052 0.3578848  0.33994334 0.34372049 0.35505194 0.3286119
 0.35221907 0.35316336 0.35410765 0.35221907 0.35694051 0.3503305
 0.3503305  0.3578848  0.33994334 0.3503305  0.35599622 0.33522191
 0.3578848  0.35505194 0.32766761 0.34844193 0.3427762  0.36827195
 0.35221907]"
mmlu,punctuation_50,Mistral-7B-Instruct-v0.3,5,"[0.40793201 0.39754485 0.37299339 0.39093484 0.39848914 0.37865911
 0.39660057 0.38621341 0.39848914 0.39093484 0.40698772 0.4088763
 0.40415486 0.39754485 0.39848914 0.39282342 0.39471199 0.38810198
 0.38999056 0.37865911 0.39376771]"
mmlu,punctuation_50,Mistral-7B-Instruct-v0.3,10,"[0.4088763  0.41076487 0.41076487 0.40982059 0.4088763  0.41548631
 0.42398489 0.4230406  0.4381492  0.42776204 0.42020774 0.41831917
 0.40793201 0.40982059 0.401322   0.41454202]"
mmlu,punctuation_50,Mistral-7B-Instruct-v0.3,15,"[0.42020774 0.42398489 0.41737488 0.42870633 0.44475921 0.42492918
 0.42870633 0.41454202 0.42398489 0.42492918 0.4230406 ]"
mmlu,punctuation_50,Mistral-7B-Instruct-v0.3,20,[0.42209632 0.41737488 0.42492918 0.41831917 0.41454202 0.42020774]
mmlu,punctuation_50,Mistral-7B-Instruct-v0.3,25,[0.42587347]
multiarith,punctuation_50,Mistral-7B-Instruct-v0.3,1,"[0.61666667 0.67222222 0.62777778 0.67222222 0.58888889 0.62777778
 0.61666667 0.56666667 0.59444444 0.67222222 0.58888889 0.62222222
 0.59444444 0.53888889 0.62777778 0.65555556 0.61666667 0.62777778
 0.61111111 0.62222222 0.60555556 0.63888889 0.63333333 0.68333333
 0.58888889]"
multiarith,punctuation_50,Mistral-7B-Instruct-v0.3,5,"[0.84444444 0.84444444 0.81666667 0.8        0.80555556 0.83888889
 0.85555556 0.85       0.83888889 0.79444444 0.81666667 0.79444444
 0.81111111 0.82777778 0.84444444 0.86111111 0.83888889 0.85
 0.82222222 0.85       0.83333333]"
multiarith,punctuation_50,Mistral-7B-Instruct-v0.3,10,"[0.90555556 0.88888889 0.90555556 0.9        0.9        0.91111111
 0.90555556 0.88888889 0.88888889 0.88333333 0.91666667 0.9
 0.88888889 0.91111111 0.91666667 0.92777778]"
multiarith,punctuation_50,Mistral-7B-Instruct-v0.3,15,"[0.91111111 0.91111111 0.92777778 0.92222222 0.93333333 0.93333333
 0.94444444 0.92222222 0.92222222 0.92222222 0.93333333]"
multiarith,punctuation_50,Mistral-7B-Instruct-v0.3,20,[0.93888889 0.93888889 0.93888889 0.94444444 0.93888889 0.93333333]
multiarith,punctuation_50,Mistral-7B-Instruct-v0.3,25,[0.93888889]
gsm,punctuation_50,Qwen3-14B,1,"[0.86808188 0.85595148 0.86050038 0.86959818 0.85443518 0.85443518
 0.86125853 0.86353298 0.86125853 0.86732373 0.85746778 0.86732373
 0.86353298 0.86504928 0.86580743 0.87490523 0.86504928 0.85974223
 0.86504928 0.86656558 0.86656558 0.85291888 0.86277483 0.85746778
 0.85519333]"
gsm,punctuation_50,Qwen3-14B,5,"[0.91811979 0.91584534 0.92191054 0.91963609 0.91357089 0.91129644
 0.90978014 0.91887794 0.92115239 0.92191054 0.92494314 0.92191054
 0.92115239 0.91811979 0.91736164 0.91963609 0.91432904 0.91660349
 0.91811979 0.91963609 0.91432904]"
gsm,punctuation_50,Qwen3-14B,10,"[0.92873389 0.92873389 0.92645944 0.92721759 0.92418499 0.92797574
 0.92873389 0.92645944 0.93025019 0.92873389 0.92873389 0.93100834
 0.93328279 0.93025019 0.93025019 0.92721759]"
gsm,punctuation_50,Qwen3-14B,15,"[0.93479909 0.93555724 0.93252464 0.93100834 0.93176649 0.93025019
 0.92949204 0.93100834 0.93252464 0.93176649 0.93404094]"
gsm,punctuation_50,Qwen3-14B,20,[0.93555724 0.93479909 0.93176649 0.93025019 0.93404094 0.93404094]
gsm,punctuation_50,Qwen3-14B,25,[0.93404094]
math,punctuation_50,Qwen3-14B,1,"[0.45 0.48 0.49 0.49 0.41 0.44 0.43 0.53 0.5  0.54 0.48 0.49 0.5  0.49
 0.48 0.45 0.47 0.5  0.46 0.52 0.48 0.46 0.5  0.43 0.45]"
math,punctuation_50,Qwen3-14B,5,"[0.56 0.55 0.55 0.56 0.55 0.57 0.57 0.6  0.6  0.61 0.58 0.57 0.58 0.55
 0.55 0.52 0.57 0.56 0.55 0.59 0.57]"
math,punctuation_50,Qwen3-14B,10,"[0.62 0.61 0.62 0.64 0.66 0.63 0.62 0.64 0.65 0.64 0.65 0.65 0.64 0.62
 0.61 0.59]"
math,punctuation_50,Qwen3-14B,15,[0.67 0.66 0.67 0.68 0.68 0.66 0.65 0.67 0.66 0.66 0.67]
math,punctuation_50,Qwen3-14B,20,[0.7  0.68 0.69 0.69 0.69 0.66]
math,punctuation_50,Qwen3-14B,25,[0.7]
mmlu,punctuation_50,Qwen3-14B,1,"[0.79886686 0.80736544 0.79603399 0.802644   0.80830973 0.80547686
 0.80075543 0.79320113 0.81491974 0.81303116 0.79036827 0.80736544
 0.81303116 0.79131256 0.79981114 0.802644   0.79603399 0.80453258
 0.80925401 0.81208687 0.80830973 0.80547686 0.79508971 0.81114259
 0.81114259]"
mmlu,punctuation_50,Qwen3-14B,5,"[0.82247403 0.82152975 0.82341832 0.8177526  0.8177526  0.8177526
 0.81964117 0.81680831 0.82247403 0.82436261 0.82247403 0.82530689
 0.82436261 0.82813975 0.83002833 0.82530689 0.82341832 0.83474976
 0.82719547 0.81869688 0.82152975]"
mmlu,punctuation_50,Qwen3-14B,10,"[0.82247403 0.82247403 0.81869688 0.81964117 0.81869688 0.82719547
 0.82247403 0.8177526  0.82436261 0.82813975 0.82625118 0.8319169
 0.82719547 0.82813975 0.82908404 0.82341832]"
mmlu,punctuation_50,Qwen3-14B,15,"[0.82341832 0.82152975 0.81869688 0.81964117 0.82436261 0.82530689
 0.82247403 0.82625118 0.82530689 0.82719547 0.81964117]"
mmlu,punctuation_50,Qwen3-14B,20,[0.82719547 0.82530689 0.8177526  0.81869688 0.82341832 0.82436261]
mmlu,punctuation_50,Qwen3-14B,25,[0.82058546]
multiarith,punctuation_50,Qwen3-14B,1,"[0.95555556 0.96111111 0.96111111 0.97777778 0.97222222 0.97222222
 0.96666667 0.95       0.96111111 0.96666667 0.94444444 0.95555556
 0.96666667 0.96111111 0.98888889 0.98333333 0.94444444 0.97777778
 0.97222222 0.97777778 0.96111111 0.97222222 0.95       0.96666667
 0.96111111]"
multiarith,punctuation_50,Qwen3-14B,5,"[0.98888889 0.98888889 0.98888889 0.98888889 0.98888889 0.99444444
 0.98888889 0.97777778 0.97777778 0.97777778 0.97777778 0.99444444
 0.99444444 1.         1.         0.99444444 0.99444444 0.98888889
 0.98333333 0.98333333 0.98888889]"
multiarith,punctuation_50,Qwen3-14B,10,"[0.99444444 0.99444444 0.98888889 0.99444444 0.98888889 0.99444444
 1.         0.98888889 0.99444444 0.99444444 0.99444444 0.99444444
 1.         0.98888889 1.         0.99444444]"
multiarith,punctuation_50,Qwen3-14B,15,"[0.99444444 0.99444444 0.99444444 1.         0.99444444 0.99444444
 0.99444444 0.98888889 0.98888889 0.98888889 0.98888889]"
multiarith,punctuation_50,Qwen3-14B,20,[0.99444444 0.99444444 0.99444444 0.99444444 0.99444444 0.99444444]
multiarith,punctuation_50,Qwen3-14B,25,[0.99444444]
gsm,punctuation_50,Qwen3-4B,1,"[0.78847612 0.78544352 0.79681577 0.79833207 0.78468537 0.77482942
 0.78392722 0.79150872 0.78392722 0.77634572 0.78695982 0.79302502
 0.79605762 0.78316907 0.79075057 0.78392722 0.80212282 0.77862017
 0.78999242 0.79454132 0.79302502 0.77634572 0.78847612 0.79302502
 0.77331312]"
gsm,punctuation_50,Qwen3-4B,5,"[0.86429113 0.86959818 0.87793783 0.86808188 0.87035633 0.87111448
 0.86050038 0.85898408 0.86353298 0.86353298 0.87566338 0.87793783
 0.88021228 0.87111448 0.87338893 0.87945413 0.87945413 0.87111448
 0.88400303 0.87263078 0.87414708]"
gsm,punctuation_50,Qwen3-4B,10,"[0.89461713 0.89461713 0.89385898 0.89461713 0.89385898 0.89840788
 0.89764973 0.89461713 0.89840788 0.89916603 0.90826384 0.90068234
 0.89992418 0.90144049 0.90295679 0.90447309]"
gsm,punctuation_50,Qwen3-4B,15,"[0.90674754 0.90523124 0.90750569 0.90447309 0.90750569 0.90295679
 0.90598939 0.90447309 0.90523124 0.90598939 0.91053829]"
gsm,punctuation_50,Qwen3-4B,20,[0.90978014 0.91508719 0.90978014 0.91053829 0.90750569 0.90826384]
gsm,punctuation_50,Qwen3-4B,25,[0.91432904]
math,punctuation_50,Qwen3-4B,1,"[0.44 0.55 0.5  0.47 0.49 0.51 0.46 0.5  0.45 0.48 0.47 0.48 0.49 0.47
 0.54 0.49 0.48 0.52 0.46 0.5  0.48 0.51 0.52 0.51 0.46]"
math,punctuation_50,Qwen3-4B,5,"[0.61 0.59 0.6  0.57 0.58 0.6  0.6  0.6  0.57 0.57 0.58 0.62 0.61 0.58
 0.61 0.59 0.59 0.58 0.57 0.62 0.59]"
math,punctuation_50,Qwen3-4B,10,"[0.65 0.63 0.66 0.64 0.66 0.64 0.64 0.65 0.64 0.64 0.63 0.66 0.63 0.64
 0.67 0.64]"
math,punctuation_50,Qwen3-4B,15,[0.66 0.65 0.69 0.67 0.69 0.66 0.63 0.64 0.65 0.65 0.65]
math,punctuation_50,Qwen3-4B,20,[0.69 0.68 0.71 0.69 0.7  0.68]
math,punctuation_50,Qwen3-4B,25,[0.69]
mmlu,punctuation_50,Qwen3-4B,1,"[0.79981114 0.78564684 0.81397545 0.82058546 0.78564684 0.79508971
 0.80453258 0.79697828 0.79508971 0.80736544 0.802644   0.78470255
 0.79131256 0.79320113 0.79414542 0.79320113 0.78470255 0.79981114
 0.7884797  0.80358829 0.80075543 0.80169972 0.78564684 0.79981114
 0.80830973]"
mmlu,punctuation_50,Qwen3-4B,5,"[0.81397545 0.81869688 0.81869688 0.81869688 0.81491974 0.81869688
 0.82436261 0.81680831 0.81869688 0.81491974 0.82152975 0.81303116
 0.80925401 0.81303116 0.80925401 0.80830973 0.8101983  0.81397545
 0.81491974 0.81869688 0.81303116]"
mmlu,punctuation_50,Qwen3-4B,10,"[0.81869688 0.81869688 0.82530689 0.82436261 0.82058546 0.82152975
 0.82341832 0.81586402 0.81491974 0.81869688 0.81869688 0.81208687
 0.81869688 0.81491974 0.81491974 0.81680831]"
mmlu,punctuation_50,Qwen3-4B,15,"[0.82152975 0.8177526  0.82058546 0.82341832 0.82058546 0.8177526
 0.82058546 0.81964117 0.81491974 0.81680831 0.82058546]"
mmlu,punctuation_50,Qwen3-4B,20,[0.81680831 0.8177526  0.82436261 0.81964117 0.82058546 0.82530689]
mmlu,punctuation_50,Qwen3-4B,25,[0.8177526]
multiarith,punctuation_50,Qwen3-4B,1,"[0.9        0.94444444 0.89444444 0.92777778 0.91111111 0.92222222
 0.93888889 0.89444444 0.92777778 0.90555556 0.90555556 0.91666667
 0.89444444 0.92777778 0.89444444 0.91111111 0.92777778 0.91666667
 0.91666667 0.88333333 0.93333333 0.90555556 0.93888889 0.94444444
 0.92777778]"
multiarith,punctuation_50,Qwen3-4B,5,"[0.96666667 0.97777778 0.98333333 0.98333333 0.97777778 0.97777778
 0.97222222 0.96666667 0.97777778 0.97222222 0.96666667 0.96666667
 0.96666667 0.97222222 0.96666667 0.97222222 0.97222222 0.96111111
 0.96111111 0.97222222 0.97777778]"
multiarith,punctuation_50,Qwen3-4B,10,"[0.97222222 0.97777778 0.98333333 0.97777778 0.97777778 0.97777778
 0.97222222 0.97222222 0.97222222 0.97222222 0.97222222 0.96666667
 0.97777778 0.98333333 0.98888889 0.98333333]"
multiarith,punctuation_50,Qwen3-4B,15,"[0.97222222 0.97222222 0.97777778 0.97222222 0.97222222 0.97222222
 0.97222222 0.97222222 0.97222222 0.97222222 0.97222222]"
multiarith,punctuation_50,Qwen3-4B,20,[0.97222222 0.97222222 0.97222222 0.97777778 0.97222222 0.97222222]
multiarith,punctuation_50,Qwen3-4B,25,[0.97222222]
gsm,r2ata,gemma-3-12b-it,1,"[0.90447309 0.89461713 0.90219864 0.89764973 0.89537528 0.90144049
 0.89385898 0.90144049 0.89840788 0.90144049 0.89613343 0.89689158
 0.89689158 0.90068234 0.90598939 0.89689158 0.89234268 0.89461713
 0.89461713 0.89916603 0.89916603 0.89158453 0.89310083 0.90219864
 0.89764973]"
gsm,r2ata,gemma-3-12b-it,5,"[0.91887794 0.92039424 0.91963609 0.92191054 0.92342684 0.92342684
 0.91660349 0.92191054 0.92039424 0.91887794 0.92039424 0.92115239
 0.92342684 0.91736164 0.91811979 0.91508719 0.91887794 0.91736164
 0.91205459 0.90978014 0.91357089]"
gsm,r2ata,gemma-3-12b-it,10,"[0.92418499 0.92342684 0.92494314 0.92494314 0.92342684 0.92494314
 0.92494314 0.92418499 0.92342684 0.92570129 0.92191054 0.91963609
 0.92266869 0.91963609 0.91887794 0.92115239]"
gsm,r2ata,gemma-3-12b-it,15,"[0.92494314 0.92645944 0.92570129 0.92418499 0.92494314 0.92494314
 0.92266869 0.92418499 0.92191054 0.92115239 0.92266869]"
gsm,r2ata,gemma-3-12b-it,20,[0.92342684 0.92418499 0.92494314 0.92266869 0.92418499 0.92570129]
gsm,r2ata,gemma-3-12b-it,25,[0.92418499]
math,r2ata,gemma-3-12b-it,1,"[0.66 0.61 0.67 0.61 0.61 0.61 0.55 0.54 0.62 0.57 0.58 0.55 0.63 0.64
 0.59 0.58 0.58 0.6  0.62 0.61 0.57 0.54 0.58 0.59 0.61]"
math,r2ata,gemma-3-12b-it,5,"[0.68 0.71 0.68 0.64 0.63 0.6  0.59 0.58 0.65 0.64 0.65 0.64 0.67 0.65
 0.66 0.65 0.64 0.63 0.64 0.63 0.6 ]"
math,r2ata,gemma-3-12b-it,10,"[0.65 0.66 0.67 0.67 0.67 0.66 0.63 0.66 0.69 0.65 0.65 0.66 0.67 0.64
 0.66 0.65]"
math,r2ata,gemma-3-12b-it,15,[0.67 0.66 0.69 0.7  0.67 0.66 0.64 0.66 0.67 0.63 0.65]
math,r2ata,gemma-3-12b-it,20,[0.68 0.68 0.69 0.67 0.66 0.64]
math,r2ata,gemma-3-12b-it,25,[0.66]
mmlu,r2ata,gemma-3-12b-it,1,"[0.84680451 0.85338346 0.84492481 0.84492481 0.85620301 0.84868421
 0.85714286 0.84680451 0.84492481 0.84210526 0.84868421 0.84680451
 0.85808271 0.84210526 0.8637218  0.85714286 0.85150376 0.84492481
 0.85244361 0.84774436 0.85432331 0.85244361 0.84774436 0.84304511
 0.84868421]"
mmlu,r2ata,gemma-3-12b-it,5,"[0.8693609  0.86466165 0.86466165 0.8674812  0.8731203  0.87030075
 0.86654135 0.86090226 0.86466165 0.8693609  0.86654135 0.875
 0.8674812  0.87406015 0.875      0.8712406  0.86278195 0.8693609
 0.87030075 0.8674812  0.8637218 ]"
mmlu,r2ata,gemma-3-12b-it,10,"[0.87030075 0.87406015 0.86654135 0.8712406  0.87030075 0.87406015
 0.87593985 0.86842105 0.87218045 0.8731203  0.8712406  0.87218045
 0.8731203  0.8656015  0.875      0.8712406 ]"
mmlu,r2ata,gemma-3-12b-it,15,"[0.8712406  0.87406015 0.8731203  0.87593985 0.87030075 0.87781955
 0.8731203  0.87218045 0.875      0.8731203  0.8731203 ]"
mmlu,r2ata,gemma-3-12b-it,20,[0.8712406  0.8731203  0.87406015 0.875      0.875      0.87593985]
mmlu,r2ata,gemma-3-12b-it,25,[0.87969925]
multiarith,r2ata,gemma-3-12b-it,1,"[0.98888889 0.98888889 0.99444444 0.99444444 0.99444444 0.99444444
 0.98888889 0.99444444 0.99444444 0.98888889 0.99444444 0.99444444
 0.98888889 0.98333333 0.98888889 0.98333333 0.99444444 0.98333333
 0.99444444 0.99444444 0.99444444 0.98333333 0.98888889 0.98888889
 0.99444444]"
multiarith,r2ata,gemma-3-12b-it,5,"[0.99444444 0.99444444 0.99444444 0.99444444 0.99444444 0.99444444
 0.99444444 0.99444444 0.99444444 0.99444444 0.99444444 0.98888889
 0.98888889 0.98888889 0.98888889 0.99444444 0.99444444 0.98888889
 0.99444444 0.98888889 0.98888889]"
multiarith,r2ata,gemma-3-12b-it,10,"[0.99444444 0.99444444 0.99444444 0.99444444 0.99444444 0.99444444
 0.99444444 0.99444444 0.99444444 0.99444444 0.99444444 0.99444444
 0.98888889 0.98888889 0.98888889 0.98888889]"
multiarith,r2ata,gemma-3-12b-it,15,"[0.99444444 0.99444444 0.99444444 0.99444444 0.99444444 0.99444444
 0.99444444 0.99444444 0.99444444 0.99444444 0.99444444]"
multiarith,r2ata,gemma-3-12b-it,20,[0.99444444 0.99444444 0.99444444 0.99444444 0.99444444 0.99444444]
multiarith,r2ata,gemma-3-12b-it,25,[0.99444444]
gsm,r2ata,gemma-3-4b-it,1,"[0.82714177 0.82638362 0.82865807 0.82335102 0.82183472 0.81197877
 0.83320697 0.82562547 0.83017437 0.81501137 0.81576952 0.82486732
 0.82562547 0.82941622 0.82865807 0.80818802 0.82183472 0.82259287
 0.81956027 0.83320697 0.83169067 0.79757392 0.81956027 0.82259287
 0.82107657]"
gsm,r2ata,gemma-3-4b-it,5,"[0.87263078 0.87338893 0.87111448 0.86959818 0.86732373 0.87338893
 0.87035633 0.87793783 0.87566338 0.87414708 0.87187263 0.87566338
 0.87035633 0.87187263 0.87263078 0.86353298 0.87717968 0.88097043
 0.87793783 0.87490523 0.87414708]"
gsm,r2ata,gemma-3-4b-it,10,"[0.88779378 0.88627748 0.88324488 0.88021228 0.87566338 0.87642153
 0.88551933 0.88627748 0.88248673 0.88324488 0.88551933 0.88476118
 0.88400303 0.88400303 0.88324488 0.88324488]"
gsm,r2ata,gemma-3-4b-it,15,"[0.88779378 0.88703563 0.88324488 0.88097043 0.88476118 0.88476118
 0.88931008 0.89082638 0.88627748 0.88779378 0.88855193]"
gsm,r2ata,gemma-3-4b-it,20,[0.88931008 0.88779378 0.88931008 0.88779378 0.88551933 0.88627748]
gsm,r2ata,gemma-3-4b-it,25,[0.89158453]
math,r2ata,gemma-3-4b-it,1,"[0.49 0.46 0.4  0.47 0.46 0.45 0.51 0.37 0.41 0.4  0.37 0.49 0.48 0.42
 0.47 0.46 0.44 0.49 0.44 0.44 0.4  0.5  0.44 0.47 0.45]"
math,r2ata,gemma-3-4b-it,5,"[0.57 0.57 0.59 0.56 0.57 0.52 0.54 0.5  0.54 0.54 0.58 0.59 0.57 0.54
 0.58 0.56 0.54 0.58 0.54 0.53 0.57]"
math,r2ata,gemma-3-4b-it,10,"[0.63 0.62 0.61 0.61 0.62 0.63 0.61 0.59 0.62 0.62 0.64 0.61 0.58 0.58
 0.61 0.59]"
math,r2ata,gemma-3-4b-it,15,[0.63 0.63 0.62 0.64 0.62 0.62 0.63 0.6  0.61 0.61 0.65]
math,r2ata,gemma-3-4b-it,20,[0.64 0.62 0.61 0.63 0.62 0.62]
math,r2ata,gemma-3-4b-it,25,[0.62]
mmlu,r2ata,gemma-3-4b-it,1,"[0.71765817 0.71860246 0.71104816 0.72898961 0.70632672 0.72332389
 0.69499528 0.71199245 0.69877243 0.70443815 0.71482531 0.69782814
 0.71860246 0.71954674 0.71293673 0.70915958 0.71104816 0.70254958
 0.70915958 0.71104816 0.73465534 0.70915958 0.72426818 0.71954674
 0.71765817]"
mmlu,r2ata,gemma-3-4b-it,5,"[0.74598678 0.75259679 0.74881964 0.74220963 0.74315392 0.74032106
 0.74787535 0.74976393 0.74220963 0.74315392 0.74976393 0.74315392
 0.74032106 0.74598678 0.73371105 0.73276676 0.74409821 0.74032106
 0.75070822 0.75259679 0.75826251]"
mmlu,r2ata,gemma-3-4b-it,10,"[0.76203966 0.75259679 0.75448536 0.75259679 0.74693107 0.74693107
 0.75259679 0.74787535 0.74976393 0.74787535 0.75448536 0.75259679
 0.76109537 0.75731822 0.75826251 0.75826251]"
mmlu,r2ata,gemma-3-4b-it,15,"[0.75826251 0.75826251 0.76109537 0.74976393 0.74881964 0.75259679
 0.75731822 0.7592068  0.76015109 0.76015109 0.76109537]"
mmlu,r2ata,gemma-3-4b-it,20,[0.76298395 0.76015109 0.75826251 0.76015109 0.75731822 0.76203966]
mmlu,r2ata,gemma-3-4b-it,25,[0.76203966]
multiarith,r2ata,gemma-3-4b-it,1,"[0.93888889 0.93333333 0.93333333 0.95       0.93333333 0.95
 0.95       0.94444444 0.95       0.93333333 0.93888889 0.95
 0.95555556 0.91666667 0.94444444 0.94444444 0.96111111 0.95
 0.93333333 0.96111111 0.94444444 0.93888889 0.91666667 0.93888889
 0.93333333]"
multiarith,r2ata,gemma-3-4b-it,5,"[0.94444444 0.95       0.96111111 0.96111111 0.96111111 0.96111111
 0.96111111 0.95       0.96111111 0.94444444 0.95       0.95
 0.95555556 0.94444444 0.95       0.95       0.96111111 0.96111111
 0.95555556 0.95555556 0.95      ]"
multiarith,r2ata,gemma-3-4b-it,10,"[0.96111111 0.95       0.95555556 0.95555556 0.95       0.95555556
 0.95555556 0.95       0.95555556 0.95       0.95555556 0.95
 0.96111111 0.94444444 0.95       0.93888889]"
multiarith,r2ata,gemma-3-4b-it,15,"[0.95555556 0.95555556 0.95555556 0.95       0.95       0.95555556
 0.96111111 0.95       0.95       0.95       0.95555556]"
multiarith,r2ata,gemma-3-4b-it,20,[0.95555556 0.95       0.96111111 0.95555556 0.95       0.95555556]
multiarith,r2ata,gemma-3-4b-it,25,[0.95555556]
gsm,r2ata,Llama-3.1-8B-Instruct,1,"[0.60348749 0.60197119 0.60197119 0.59135709 0.61713419 0.60955269
 0.61637604 0.61031084 0.62774829 0.59742229 0.60424564 0.61561789
 0.60121304 0.62623199 0.63078089 0.56709629 0.59742229 0.59287339
 0.60955269 0.61637604 0.60955269 0.61485974 0.61561789 0.62092494
 0.59969674]"
gsm,r2ata,Llama-3.1-8B-Instruct,5,"[0.76497346 0.77179682 0.79909022 0.77103867 0.77862017 0.75284306
 0.75132676 0.74374526 0.78771797 0.73464746 0.74601971 0.75511751
 0.75435936 0.77482942 0.75739196 0.73843821 0.78316907 0.81652767
 0.78392722 0.75284306 0.76421531]"
gsm,r2ata,Llama-3.1-8B-Instruct,10,"[0.85822593 0.85367703 0.84988628 0.84685368 0.84988628 0.84230478
 0.84078848 0.83851403 0.84533738 0.83396513 0.83320697 0.83775588
 0.84230478 0.84533738 0.83775588 0.84003033]"
gsm,r2ata,Llama-3.1-8B-Instruct,15,"[0.87338893 0.86959818 0.86429113 0.86125853 0.86580743 0.86504928
 0.86277483 0.86656558 0.86959818 0.86201668 0.85670963]"
gsm,r2ata,Llama-3.1-8B-Instruct,20,[0.87414708 0.88172858 0.88021228 0.87869598 0.87566338 0.87338893]
gsm,r2ata,Llama-3.1-8B-Instruct,25,[0.87717968]
math,r2ata,Llama-3.1-8B-Instruct,1,"[0.23 0.29 0.23 0.22 0.23 0.23 0.27 0.22 0.29 0.22 0.26 0.22 0.2  0.23
 0.25 0.21 0.22 0.25 0.22 0.23 0.26 0.21 0.23 0.24 0.27]"
math,r2ata,Llama-3.1-8B-Instruct,5,"[0.34 0.39 0.37 0.36 0.38 0.39 0.35 0.36 0.34 0.32 0.35 0.32 0.34 0.35
 0.37 0.33 0.33 0.34 0.32 0.33 0.33]"
math,r2ata,Llama-3.1-8B-Instruct,10,"[0.44 0.47 0.44 0.42 0.44 0.46 0.43 0.45 0.42 0.4  0.41 0.41 0.42 0.42
 0.42 0.39]"
math,r2ata,Llama-3.1-8B-Instruct,15,[0.48 0.5  0.46 0.45 0.46 0.45 0.44 0.46 0.44 0.43 0.46]
math,r2ata,Llama-3.1-8B-Instruct,20,[0.48 0.5  0.46 0.47 0.47 0.46]
math,r2ata,Llama-3.1-8B-Instruct,25,[0.49]
mmlu,r2ata,Llama-3.1-8B-Instruct,1,"[0.51221805 0.51691729 0.51315789 0.49154135 0.49154135 0.4981203
 0.4981203  0.50845865 0.5037594  0.49342105 0.48026316 0.47180451
 0.47180451 0.4943609  0.50281955 0.51973684 0.5112782  0.5075188
 0.51033835 0.51597744 0.53947368 0.48966165 0.4943609  0.50657895
 0.49154135]"
mmlu,r2ata,Llama-3.1-8B-Instruct,5,"[0.6137218  0.6156015  0.60714286 0.59304511 0.60244361 0.59492481
 0.58740602 0.60714286 0.59022556 0.59868421 0.58646617 0.60056391
 0.58552632 0.60338346 0.6174812  0.6137218  0.60808271 0.61184211
 0.61654135 0.60808271 0.60808271]"
mmlu,r2ata,Llama-3.1-8B-Instruct,10,"[0.63909774 0.64003759 0.6325188  0.62969925 0.6268797  0.6306391
 0.63345865 0.64003759 0.64097744 0.62406015 0.64379699 0.63533835
 0.65507519 0.64943609 0.65037594 0.64473684]"
mmlu,r2ata,Llama-3.1-8B-Instruct,15,"[0.65507519 0.65601504 0.65131579 0.65883459 0.65131579 0.64943609
 0.65037594 0.65413534 0.66071429 0.65789474 0.66823308]"
mmlu,r2ata,Llama-3.1-8B-Instruct,20,[0.65977444 0.66071429 0.66823308 0.66635338 0.67105263 0.66447368]
mmlu,r2ata,Llama-3.1-8B-Instruct,25,[0.67199248]
multiarith,r2ata,Llama-3.1-8B-Instruct,1,"[0.81111111 0.82777778 0.81666667 0.84444444 0.80555556 0.82777778
 0.83333333 0.82777778 0.82777778 0.78888889 0.78333333 0.8
 0.81666667 0.83888889 0.81666667 0.8        0.82222222 0.80555556
 0.8        0.78888889 0.77777778 0.8        0.80555556 0.83888889
 0.80555556]"
multiarith,r2ata,Llama-3.1-8B-Instruct,5,"[0.97222222 0.97222222 0.97222222 0.98888889 0.97222222 0.96666667
 0.95555556 0.95555556 0.94444444 0.97222222 0.98333333 0.96666667
 0.96111111 0.96666667 0.98333333 0.97222222 0.93888889 0.97222222
 0.96666667 0.97222222 0.96666667]"
multiarith,r2ata,Llama-3.1-8B-Instruct,10,"[0.98888889 0.99444444 0.97777778 0.99444444 1.         1.
 0.98888889 0.97777778 0.97222222 0.98333333 0.99444444 0.98888889
 0.99444444 0.98888889 0.97777778 0.97777778]"
multiarith,r2ata,Llama-3.1-8B-Instruct,15,"[0.99444444 1.         1.         0.99444444 0.99444444 0.99444444
 0.99444444 0.99444444 0.99444444 0.98333333 0.99444444]"
multiarith,r2ata,Llama-3.1-8B-Instruct,20,[0.99444444 0.99444444 0.99444444 0.99444444 0.99444444 0.99444444]
multiarith,r2ata,Llama-3.1-8B-Instruct,25,[0.98888889]
gsm,r2ata,Mistral-7B-Instruct-v0.3,1,"[0.36997726 0.36239575 0.37680061 0.37528431 0.36997726 0.37831691
 0.39044731 0.39575436 0.38514026 0.39044731 0.39196361 0.358605
 0.36770281 0.38514026 0.39196361 0.39651251 0.38134951 0.38589841
 0.37528431 0.39954511 0.38893101 0.40106141 0.39044731 0.41774071
 0.39044731]"
gsm,r2ata,Mistral-7B-Instruct-v0.3,5,"[0.46702047 0.47081122 0.48066717 0.46550417 0.46929492 0.48976497
 0.48521607 0.51630023 0.53146323 0.47839272 0.49431387 0.45564822
 0.47460197 0.48218347 0.48749052 0.49886277 0.50796058 0.51554208
 0.51023503 0.49734647 0.50796058]"
gsm,r2ata,Mistral-7B-Instruct-v0.3,10,"[0.59438969 0.59363154 0.59211524 0.60879454 0.59135709 0.59666414
 0.59969674 0.60348749 0.59969674 0.58529189 0.57846854 0.58377559
 0.59514784 0.59059894 0.58984079 0.60727824]"
gsm,r2ata,Mistral-7B-Instruct-v0.3,15,"[0.63153904 0.63002274 0.641395   0.63912055 0.63229719 0.62926459
 0.63153904 0.63760425 0.62850644 0.63002274 0.61940864]"
gsm,r2ata,Mistral-7B-Instruct-v0.3,20,[0.65579985 0.6550417  0.65579985 0.6489765  0.64518575 0.64973465]
gsm,r2ata,Mistral-7B-Instruct-v0.3,25,[0.65731615]
math,r2ata,Mistral-7B-Instruct-v0.3,1,"[0.05 0.07 0.06 0.06 0.07 0.06 0.06 0.07 0.04 0.07 0.03 0.03 0.03 0.08
 0.03 0.07 0.06 0.06 0.05 0.05 0.05 0.06 0.05 0.03 0.08]"
math,r2ata,Mistral-7B-Instruct-v0.3,5,"[0.09 0.08 0.08 0.1  0.09 0.09 0.06 0.07 0.06 0.1  0.06 0.07 0.07 0.09
 0.06 0.07 0.05 0.07 0.06 0.04 0.07]"
math,r2ata,Mistral-7B-Instruct-v0.3,10,"[0.1  0.09 0.12 0.14 0.13 0.13 0.11 0.11 0.09 0.11 0.1  0.1  0.09 0.1
 0.08 0.09]"
math,r2ata,Mistral-7B-Instruct-v0.3,15,[0.12 0.13 0.15 0.14 0.12 0.12 0.11 0.1  0.08 0.11 0.09]
math,r2ata,Mistral-7B-Instruct-v0.3,20,[0.11 0.12 0.12 0.14 0.12 0.12]
math,r2ata,Mistral-7B-Instruct-v0.3,25,[0.13]
mmlu,r2ata,Mistral-7B-Instruct-v0.3,1,"[0.37969925 0.3787594  0.39003759 0.37030075 0.3768797  0.36278195
 0.40319549 0.3731203  0.35056391 0.35714286 0.36090226 0.36090226
 0.36842105 0.36090226 0.35996241 0.38815789 0.34492481 0.38157895
 0.35526316 0.37218045 0.38533835 0.39097744 0.35808271 0.34680451
 0.37030075]"
mmlu,r2ata,Mistral-7B-Instruct-v0.3,5,"[0.41635338 0.42575188 0.42857143 0.42669173 0.40413534 0.41917293
 0.44360902 0.41447368 0.40507519 0.41353383 0.40507519 0.41635338
 0.42105263 0.41541353 0.41165414 0.41729323 0.41541353 0.42763158
 0.41823308 0.40507519 0.42481203]"
mmlu,r2ata,Mistral-7B-Instruct-v0.3,10,"[0.44266917 0.44078947 0.44642857 0.44454887 0.43327068 0.43984962
 0.44454887 0.43139098 0.42481203 0.43890977 0.43609023 0.43233083
 0.44266917 0.43890977 0.42951128 0.42669173]"
mmlu,r2ata,Mistral-7B-Instruct-v0.3,15,"[0.45206767 0.44454887 0.44266917 0.44736842 0.43890977 0.44642857
 0.45206767 0.44548872 0.43421053 0.43045113 0.44454887]"
mmlu,r2ata,Mistral-7B-Instruct-v0.3,20,[0.45300752 0.45206767 0.44924812 0.44924812 0.44642857 0.43609023]
mmlu,r2ata,Mistral-7B-Instruct-v0.3,25,[0.44736842]
multiarith,r2ata,Mistral-7B-Instruct-v0.3,1,"[0.66111111 0.68888889 0.70555556 0.66111111 0.73888889 0.65555556
 0.73888889 0.69444444 0.67222222 0.69444444 0.68888889 0.68888889
 0.66111111 0.73888889 0.67222222 0.67777778 0.71666667 0.72222222
 0.65       0.72777778 0.74444444 0.66111111 0.74444444 0.68888889
 0.71111111]"
multiarith,r2ata,Mistral-7B-Instruct-v0.3,5,"[0.86111111 0.89444444 0.87777778 0.85       0.91111111 0.85
 0.87777778 0.87777778 0.85555556 0.88888889 0.87222222 0.83888889
 0.87777778 0.89444444 0.86666667 0.89444444 0.90555556 0.87777778
 0.90555556 0.88888889 0.88888889]"
multiarith,r2ata,Mistral-7B-Instruct-v0.3,10,"[0.92777778 0.93333333 0.93888889 0.92222222 0.95       0.93888889
 0.92777778 0.92222222 0.93333333 0.92222222 0.92777778 0.92777778
 0.92777778 0.92777778 0.92777778 0.92777778]"
multiarith,r2ata,Mistral-7B-Instruct-v0.3,15,"[0.94444444 0.95       0.94444444 0.96111111 0.95       0.94444444
 0.93333333 0.93333333 0.94444444 0.93333333 0.93888889]"
multiarith,r2ata,Mistral-7B-Instruct-v0.3,20,[0.94444444 0.95       0.94444444 0.95555556 0.95555556 0.95555556]
multiarith,r2ata,Mistral-7B-Instruct-v0.3,25,[0.95555556]
gsm,r2ata,Qwen3-14B,1,"[0.85670963 0.85216073 0.86050038 0.86504928 0.86277483 0.86884003
 0.87263078 0.85746778 0.86353298 0.85519333 0.85140258 0.86959818
 0.87035633 0.86884003 0.85822593 0.86429113 0.86884003 0.85898408
 0.86125853 0.85974223 0.86656558 0.85898408 0.86504928 0.86884003
 0.86429113]"
gsm,r2ata,Qwen3-14B,5,"[0.90295679 0.90826384 0.90674754 0.90674754 0.90750569 0.90750569
 0.90750569 0.89992418 0.89992418 0.90068234 0.90371494 0.91357089
 0.90674754 0.90371494 0.90447309 0.90371494 0.90447309 0.90598939
 0.90902199 0.91129644 0.91129644]"
gsm,r2ata,Qwen3-14B,10,"[0.91736164 0.91811979 0.91508719 0.91660349 0.91660349 0.91887794
 0.92115239 0.91811979 0.91736164 0.92039424 0.91736164 0.92191054
 0.91736164 0.91811979 0.91508719 0.91660349]"
gsm,r2ata,Qwen3-14B,15,"[0.92039424 0.92191054 0.92039424 0.91963609 0.92115239 0.91963609
 0.91887794 0.91887794 0.92115239 0.92039424 0.91811979]"
gsm,r2ata,Qwen3-14B,20,[0.92418499 0.92191054 0.92191054 0.92191054 0.91887794 0.91736164]
gsm,r2ata,Qwen3-14B,25,[0.92418499]
math,r2ata,Qwen3-14B,1,"[0.48 0.51 0.47 0.49 0.52 0.5  0.47 0.46 0.47 0.47 0.51 0.49 0.52 0.49
 0.45 0.47 0.51 0.48 0.48 0.5  0.49 0.44 0.5  0.47 0.5 ]"
math,r2ata,Qwen3-14B,5,"[0.58 0.6  0.56 0.57 0.59 0.59 0.57 0.56 0.53 0.57 0.57 0.55 0.56 0.54
 0.53 0.56 0.57 0.57 0.55 0.56 0.58]"
math,r2ata,Qwen3-14B,10,"[0.61 0.65 0.61 0.6  0.66 0.62 0.6  0.6  0.58 0.6  0.63 0.61 0.6  0.62
 0.61 0.6 ]"
math,r2ata,Qwen3-14B,15,[0.66 0.67 0.65 0.66 0.68 0.65 0.64 0.63 0.65 0.66 0.65]
math,r2ata,Qwen3-14B,20,[0.69 0.69 0.67 0.67 0.7  0.67]
math,r2ata,Qwen3-14B,25,[0.7]
mmlu,r2ata,Qwen3-14B,1,"[0.80075188 0.80921053 0.80357143 0.79699248 0.81390977 0.80733083
 0.82330827 0.79887218 0.81203008 0.81109023 0.81860902 0.80921053
 0.81672932 0.80263158 0.80263158 0.81015038 0.80827068 0.81296992
 0.80263158 0.79605263 0.81390977 0.80733083 0.79699248 0.80639098
 0.80169173]"
mmlu,r2ata,Qwen3-14B,5,"[0.82142857 0.81954887 0.82424812 0.81860902 0.82518797 0.82800752
 0.82988722 0.82142857 0.82706767 0.82142857 0.82048872 0.81766917
 0.81954887 0.81954887 0.82612782 0.82142857 0.82424812 0.82236842
 0.82424812 0.81766917 0.82894737]"
mmlu,r2ata,Qwen3-14B,10,"[0.81860902 0.82048872 0.82048872 0.82142857 0.82518797 0.82236842
 0.82518797 0.82612782 0.82518797 0.82612782 0.82612782 0.82706767
 0.82988722 0.82330827 0.82142857 0.82518797]"
mmlu,r2ata,Qwen3-14B,15,"[0.82142857 0.82048872 0.82142857 0.82048872 0.82894737 0.82142857
 0.82518797 0.82612782 0.83176692 0.82706767 0.82894737]"
mmlu,r2ata,Qwen3-14B,20,[0.82518797 0.82706767 0.82424812 0.82706767 0.82706767 0.82706767]
mmlu,r2ata,Qwen3-14B,25,[0.82706767]
multiarith,r2ata,Qwen3-14B,1,"[0.98888889 0.97777778 0.98888889 0.98888889 0.98333333 0.98888889
 0.98333333 0.98888889 0.98888889 0.98333333 0.98333333 0.98888889
 0.97777778 0.97777778 0.98888889 0.99444444 0.97777778 0.98333333
 0.97777778 0.98888889 0.99444444 0.98333333 0.98888889 0.98888889
 0.98333333]"
multiarith,r2ata,Qwen3-14B,5,"[0.98888889 0.98888889 0.98888889 0.98888889 0.99444444 0.99444444
 0.98888889 0.98888889 0.98888889 0.98888889 0.98888889 1.
 0.99444444 0.98888889 0.98888889 0.99444444 0.98888889 0.98888889
 0.98888889 0.98888889 0.98888889]"
multiarith,r2ata,Qwen3-14B,10,"[0.99444444 0.98888889 0.98888889 0.98888889 0.98888889 0.99444444
 0.99444444 0.98888889 0.98888889 0.98888889 0.99444444 0.99444444
 0.98888889 0.98888889 0.98888889 0.99444444]"
multiarith,r2ata,Qwen3-14B,15,"[0.98888889 0.98888889 0.98888889 0.98888889 0.99444444 0.99444444
 0.99444444 0.98888889 0.98888889 0.98888889 0.99444444]"
multiarith,r2ata,Qwen3-14B,20,[0.99444444 0.98888889 0.99444444 0.99444444 0.99444444 0.99444444]
multiarith,r2ata,Qwen3-14B,25,[0.99444444]
gsm,r2ata,Qwen3-4B,1,"[0.76952237 0.75056861 0.75511751 0.75056861 0.75739196 0.76497346
 0.77482942 0.76118271 0.75511751 0.75966641 0.77179682 0.75739196
 0.76497346 0.76042456 0.76421531 0.75966641 0.74526156 0.76118271
 0.76497346 0.77028052 0.76194086 0.76345716 0.76269901 0.76724792
 0.76118271]"
gsm,r2ata,Qwen3-4B,5,"[0.84230478 0.83017437 0.82865807 0.83699773 0.84609553 0.84836998
 0.85291888 0.85670963 0.84988628 0.84306293 0.83472328 0.84533738
 0.83548143 0.83169067 0.84761183 0.84078848 0.85519333 0.85519333
 0.86125853 0.86125853 0.85291888]"
gsm,r2ata,Qwen3-4B,10,"[0.86656558 0.86201668 0.86201668 0.86125853 0.86504928 0.86732373
 0.86808188 0.86353298 0.86429113 0.87035633 0.87187263 0.87111448
 0.86884003 0.87187263 0.87869598 0.88172858]"
gsm,r2ata,Qwen3-4B,15,"[0.86504928 0.86959818 0.86732373 0.86504928 0.87642153 0.87490523
 0.87869598 0.87263078 0.87793783 0.87945413 0.87945413]"
gsm,r2ata,Qwen3-4B,20,[0.87793783 0.87869598 0.87642153 0.87566338 0.87869598 0.88324488]
gsm,r2ata,Qwen3-4B,25,[0.88172858]
math,r2ata,Qwen3-4B,1,"[0.48 0.48 0.5  0.51 0.5  0.44 0.41 0.5  0.51 0.5  0.46 0.49 0.47 0.49
 0.51 0.48 0.49 0.48 0.5  0.47 0.49 0.49 0.49 0.5  0.55]"
math,r2ata,Qwen3-4B,5,"[0.61 0.59 0.61 0.6  0.59 0.57 0.56 0.59 0.6  0.62 0.64 0.62 0.63 0.62
 0.63 0.6  0.59 0.62 0.63 0.65 0.64]"
math,r2ata,Qwen3-4B,10,"[0.65 0.66 0.64 0.65 0.64 0.64 0.64 0.67 0.66 0.68 0.66 0.65 0.67 0.66
 0.68 0.67]"
math,r2ata,Qwen3-4B,15,[0.71 0.72 0.69 0.69 0.67 0.65 0.69 0.73 0.71 0.71 0.71]
math,r2ata,Qwen3-4B,20,[0.72 0.74 0.72 0.71 0.7  0.7 ]
math,r2ata,Qwen3-4B,25,[0.74]
mmlu,r2ata,Qwen3-4B,1,"[0.82142857 0.81015038 0.81860902 0.81578947 0.82424812 0.81296992
 0.82800752 0.81484962 0.80733083 0.81203008 0.79605263 0.80827068
 0.81484962 0.81203008 0.81578947 0.82142857 0.82800752 0.81203008
 0.80921053 0.81015038 0.81484962 0.82330827 0.82048872 0.81015038
 0.81766917]"
mmlu,r2ata,Qwen3-4B,5,"[0.84398496 0.84022556 0.84022556 0.84774436 0.84116541 0.83552632
 0.83740602 0.83740602 0.82800752 0.83552632 0.83364662 0.83458647
 0.84022556 0.84492481 0.83740602 0.84398496 0.84210526 0.84586466
 0.83928571 0.84116541 0.84398496]"
mmlu,r2ata,Qwen3-4B,10,"[0.84680451 0.84774436 0.84304511 0.84116541 0.83834586 0.84116541
 0.83646617 0.84022556 0.83834586 0.83646617 0.83552632 0.83834586
 0.84398496 0.84492481 0.83834586 0.84492481]"
mmlu,r2ata,Qwen3-4B,15,"[0.84304511 0.84680451 0.84210526 0.84398496 0.84492481 0.84116541
 0.84398496 0.84022556 0.84492481 0.84210526 0.84022556]"
mmlu,r2ata,Qwen3-4B,20,[0.84586466 0.84586466 0.84868421 0.84680451 0.84210526 0.84022556]
mmlu,r2ata,Qwen3-4B,25,[0.84398496]
multiarith,r2ata,Qwen3-4B,1,"[0.93333333 0.92777778 0.95555556 0.93333333 0.93333333 0.94444444
 0.93888889 0.95       0.92777778 0.93333333 0.94444444 0.92777778
 0.90555556 0.9        0.92777778 0.89444444 0.90555556 0.92222222
 0.91666667 0.95       0.92777778 0.96666667 0.93333333 0.95
 0.92777778]"
multiarith,r2ata,Qwen3-4B,5,"[0.98888889 0.98888889 0.98888889 0.98333333 0.96666667 0.98333333
 0.98888889 0.98333333 0.98888889 0.98333333 0.98888889 0.97777778
 0.98333333 0.98888889 0.98333333 0.97777778 0.98333333 0.98888889
 0.98333333 0.98888889 0.98333333]"
multiarith,r2ata,Qwen3-4B,10,"[0.98333333 0.98888889 0.98333333 0.98333333 0.98333333 0.98333333
 0.98888889 0.98333333 0.98333333 0.98888889 0.98333333 0.98333333
 0.98333333 0.98333333 0.98333333 0.98333333]"
multiarith,r2ata,Qwen3-4B,15,"[0.98333333 0.98888889 0.98333333 0.98333333 0.98333333 0.98333333
 0.98333333 0.98333333 0.98333333 0.98888889 0.98333333]"
multiarith,r2ata,Qwen3-4B,20,[0.98333333 0.98333333 0.98333333 0.98333333 0.98333333 0.98333333]
multiarith,r2ata,Qwen3-4B,25,[0.98333333]
gsm,wikitypo,gemma-3-12b-it,1,"[0.74526156 0.74374526 0.74450341 0.74450341 0.73995451 0.73843821
 0.75056861 0.74071266 0.73388931 0.73843821 0.75663381 0.73237301
 0.74298711 0.73692191 0.72630781 0.74222896 0.74147081 0.72858226
 0.73161486 0.73388931 0.74374526 0.73313116 0.73616376 0.74298711
 0.74374526]"
gsm,wikitypo,gemma-3-12b-it,5,"[0.79226687 0.79454132 0.79529947 0.78771797 0.78468537 0.78544352
 0.78999242 0.78544352 0.78013647 0.77710387 0.78695982 0.77558757
 0.77634572 0.77634572 0.77862017 0.77862017 0.78771797 0.77710387
 0.77710387 0.77862017 0.77482942]"
gsm,wikitypo,gemma-3-12b-it,10,"[0.80212282 0.80515542 0.79833207 0.79909022 0.79681577 0.79454132
 0.80060652 0.79378317 0.79529947 0.79681577 0.79454132 0.79378317
 0.79529947 0.79378317 0.79150872 0.79150872]"
gsm,wikitypo,gemma-3-12b-it,15,"[0.80363912 0.80515542 0.80136467 0.80060652 0.79454132 0.80136467
 0.80667172 0.79909022 0.79757392 0.80288097 0.79605762]"
gsm,wikitypo,gemma-3-12b-it,20,[0.80212282 0.80060652 0.80212282 0.80439727 0.80060652 0.80212282]
gsm,wikitypo,gemma-3-12b-it,25,[0.80212282]
math,wikitypo,gemma-3-12b-it,1,"[0.48 0.56 0.58 0.55 0.51 0.55 0.52 0.6  0.55 0.57 0.6  0.52 0.5  0.57
 0.59 0.49 0.55 0.6  0.55 0.57 0.58 0.57 0.54 0.57 0.56]"
math,wikitypo,gemma-3-12b-it,5,"[0.56 0.6  0.57 0.58 0.57 0.58 0.58 0.61 0.59 0.57 0.62 0.56 0.52 0.58
 0.57 0.58 0.59 0.6  0.58 0.6  0.62]"
math,wikitypo,gemma-3-12b-it,10,"[0.58 0.59 0.61 0.6  0.6  0.61 0.58 0.6  0.6  0.59 0.59 0.59 0.58 0.6
 0.6  0.58]"
math,wikitypo,gemma-3-12b-it,15,[0.62 0.61 0.6  0.6  0.61 0.61 0.59 0.6  0.6  0.59 0.6 ]
math,wikitypo,gemma-3-12b-it,20,[0.6  0.61 0.62 0.61 0.6  0.61]
math,wikitypo,gemma-3-12b-it,25,[0.6]
mmlu,wikitypo,gemma-3-12b-it,1,"[0.79508971 0.78564684 0.78942398 0.79131256 0.78281398 0.80358829
 0.78659112 0.78470255 0.80075543 0.77903683 0.79886686 0.79603399
 0.8101983  0.79036827 0.78942398 0.79886686 0.78659112 0.802644
 0.79508971 0.77998111 0.79320113 0.80358829 0.7884797  0.78753541
 0.79886686]"
mmlu,wikitypo,gemma-3-12b-it,5,"[0.81491974 0.81397545 0.81114259 0.81114259 0.81208687 0.82247403
 0.80358829 0.81869688 0.82341832 0.81680831 0.82436261 0.82436261
 0.82341832 0.81586402 0.81964117 0.81964117 0.81586402 0.82058546
 0.81397545 0.81586402 0.81869688]"
mmlu,wikitypo,gemma-3-12b-it,10,"[0.81869688 0.82152975 0.82058546 0.82247403 0.82341832 0.81964117
 0.81680831 0.82530689 0.82908404 0.82058546 0.82341832 0.82719547
 0.82530689 0.82341832 0.82152975 0.82530689]"
mmlu,wikitypo,gemma-3-12b-it,15,"[0.82247403 0.82625118 0.82436261 0.82530689 0.83002833 0.82436261
 0.82247403 0.82436261 0.82436261 0.82247403 0.82341832]"
mmlu,wikitypo,gemma-3-12b-it,20,[0.82625118 0.83097262 0.82908404 0.82625118 0.82625118 0.82625118]
mmlu,wikitypo,gemma-3-12b-it,25,[0.82625118]
multiarith,wikitypo,gemma-3-12b-it,1,"[0.99444444 1.         1.         1.         1.         0.99444444
 1.         1.         1.         1.         1.         1.
 1.         1.         1.         1.         1.         1.
 0.99444444 1.         1.         1.         1.         1.
 1.        ]"
multiarith,wikitypo,gemma-3-12b-it,5,[1. 1. 1. 1. 1. 1. 1. 1. 1. 1. 1. 1. 1. 1. 1. 1. 1. 1. 1. 1. 1.]
multiarith,wikitypo,gemma-3-12b-it,10,[1. 1. 1. 1. 1. 1. 1. 1. 1. 1. 1. 1. 1. 1. 1. 1.]
multiarith,wikitypo,gemma-3-12b-it,15,[1. 1. 1. 1. 1. 1. 1. 1. 1. 1. 1.]
multiarith,wikitypo,gemma-3-12b-it,20,[1. 1. 1. 1. 1. 1.]
multiarith,wikitypo,gemma-3-12b-it,25,[1.]
gsm,wikitypo,gemma-3-4b-it,1,"[0.57922669 0.58453374 0.57391964 0.59059894 0.58225929 0.58377559
 0.59438969 0.58074299 0.57619409 0.58150114 0.59514784 0.57543594
 0.59363154 0.57846854 0.58680819 0.57695224 0.57998484 0.58756634
 0.58908264 0.56254738 0.58150114 0.57998484 0.58453374 0.58680819
 0.57012889]"
gsm,wikitypo,gemma-3-4b-it,5,"[0.64215315 0.6520091  0.65125095 0.6535254  0.65125095 0.6535254
 0.656558   0.6504928  0.64973465 0.65276725 0.6641395  0.6580743
 0.6535254  0.65125095 0.6504928  0.6429113  0.6459439  0.656558
 0.64215315 0.64973465 0.64821835]"
gsm,wikitypo,gemma-3-4b-it,10,"[0.65883245 0.66034875 0.6626232  0.67096285 0.67702805 0.6762699
 0.67854435 0.67247915 0.671721   0.6762699  0.6793025  0.67399545
 0.6777862  0.66944655 0.67702805 0.6762699 ]"
gsm,wikitypo,gemma-3-4b-it,15,"[0.6747536  0.6762699  0.67854435 0.6747536  0.67247915 0.67702805
 0.6747536  0.6762699  0.67247915 0.68157695 0.68157695]"
gsm,wikitypo,gemma-3-4b-it,20,[0.6732373  0.6747536  0.67551175 0.6793025  0.67854435 0.67551175]
gsm,wikitypo,gemma-3-4b-it,25,[0.67399545]
math,wikitypo,gemma-3-4b-it,1,"[0.38 0.4  0.4  0.4  0.41 0.37 0.44 0.32 0.37 0.38 0.39 0.36 0.39 0.33
 0.45 0.38 0.48 0.45 0.39 0.39 0.45 0.42 0.41 0.4  0.45]"
math,wikitypo,gemma-3-4b-it,5,"[0.47 0.46 0.48 0.48 0.47 0.46 0.49 0.46 0.46 0.44 0.45 0.44 0.5  0.52
 0.51 0.51 0.55 0.56 0.52 0.51 0.51]"
math,wikitypo,gemma-3-4b-it,10,"[0.48 0.5  0.49 0.52 0.5  0.5  0.5  0.52 0.52 0.5  0.48 0.53 0.51 0.53
 0.55 0.51]"
math,wikitypo,gemma-3-4b-it,15,[0.51 0.5  0.53 0.5  0.5  0.5  0.52 0.53 0.52 0.5  0.5 ]
math,wikitypo,gemma-3-4b-it,20,[0.54 0.53 0.53 0.51 0.5  0.51]
math,wikitypo,gemma-3-4b-it,25,[0.53]
mmlu,wikitypo,gemma-3-4b-it,1,"[0.65533522 0.6572238  0.63361662 0.65816808 0.65250236 0.66477809
 0.64117092 0.65439093 0.63361662 0.66194523 0.65533522 0.64683664
 0.65816808 0.65344665 0.66194523 0.64494806 0.63456091 0.65250236
 0.65439093 0.66005666 0.64683664 0.6421152  0.64683664 0.64305949
 0.63644948]"
mmlu,wikitypo,gemma-3-4b-it,5,"[0.6789424  0.68932956 0.68460812 0.67988669 0.6789424  0.68083097
 0.68177526 0.68838527 0.6931067  0.69782814 0.69121813 0.69027384
 0.69121813 0.68271955 0.68649669 0.68460812 0.68366383 0.68838527
 0.69593957 0.68649669 0.67705382]"
mmlu,wikitypo,gemma-3-4b-it,10,"[0.69593957 0.69877243 0.68838527 0.68838527 0.69877243 0.69688385
 0.69593957 0.69216242 0.70443815 0.70254958 0.69688385 0.69688385
 0.69027384 0.69216242 0.69405099 0.68460812]"
mmlu,wikitypo,gemma-3-4b-it,15,"[0.69688385 0.69688385 0.69121813 0.700661   0.69782814 0.69782814
 0.69971671 0.69499528 0.69971671 0.70160529 0.70632672]"
mmlu,wikitypo,gemma-3-4b-it,20,[0.69971671 0.70160529 0.69593957 0.69877243 0.69877243 0.69971671]
mmlu,wikitypo,gemma-3-4b-it,25,[0.700661]
multiarith,wikitypo,gemma-3-4b-it,1,"[0.96666667 0.97777778 0.97777778 0.95555556 0.96111111 0.97777778
 0.97222222 0.96666667 0.98333333 0.95       0.98333333 0.96666667
 0.96666667 0.97777778 0.95       0.98333333 0.96666667 0.97777778
 0.98888889 0.97777778 0.95       0.97777778 0.96111111 0.97222222
 0.96666667]"
multiarith,wikitypo,gemma-3-4b-it,5,"[0.98888889 0.99444444 0.98888889 0.99444444 1.         1.
 1.         1.         0.99444444 0.98888889 0.98888889 0.98888889
 0.99444444 0.99444444 0.99444444 1.         0.99444444 0.99444444
 1.         0.99444444 0.99444444]"
multiarith,wikitypo,gemma-3-4b-it,10,"[0.99444444 0.99444444 0.99444444 0.99444444 1.         0.99444444
 0.99444444 1.         0.99444444 0.98888889 0.99444444 0.99444444
 1.         0.99444444 0.99444444 0.99444444]"
multiarith,wikitypo,gemma-3-4b-it,15,"[0.99444444 0.99444444 0.99444444 1.         1.         1.
 1.         1.         0.99444444 0.99444444 0.99444444]"
multiarith,wikitypo,gemma-3-4b-it,20,[1.         0.99444444 1.         1.         1.         1.        ]
multiarith,wikitypo,gemma-3-4b-it,25,[1.]
gsm,wikitypo,Llama-3.1-8B-Instruct,1,"[0.45564822 0.47232752 0.48218347 0.48142532 0.47232752 0.46777862
 0.45185747 0.47990902 0.47384382 0.47384382 0.48142532 0.44503412
 0.45337377 0.47156937 0.45943897 0.45943897 0.47308567 0.47611827
 0.43972707 0.47005307 0.46247157 0.46095527 0.46247157 0.44655042
 0.48597422]"
gsm,wikitypo,Llama-3.1-8B-Instruct,5,"[0.57012889 0.58680819 0.58832449 0.58832449 0.58074299 0.61410159
 0.60803639 0.61561789 0.60500379 0.61637604 0.60576194 0.57998484
 0.56861259 0.58301744 0.58150114 0.58225929 0.58908264 0.57088704
 0.55951478 0.58680819 0.57467779]"
gsm,wikitypo,Llama-3.1-8B-Instruct,10,"[0.6611069  0.6656558  0.6686884  0.6732373  0.6747536  0.68006065
 0.67399545 0.67551175 0.6793025  0.66338135 0.6626232  0.6626232
 0.66186505 0.66338135 0.66338135 0.6611069 ]"
gsm,wikitypo,Llama-3.1-8B-Instruct,15,"[0.69522365 0.69825625 0.69977255 0.70204701 0.70053071 0.69067475
 0.68764215 0.69522365 0.69673995 0.6974981  0.686884  ]"
gsm,wikitypo,Llama-3.1-8B-Instruct,20,[0.70507961 0.70735406 0.70659591 0.70887036 0.71266111 0.70583776]
gsm,wikitypo,Llama-3.1-8B-Instruct,25,[0.71266111]
math,wikitypo,Llama-3.1-8B-Instruct,1,"[0.13 0.21 0.16 0.15 0.2  0.13 0.18 0.18 0.22 0.2  0.12 0.19 0.23 0.19
 0.15 0.17 0.22 0.22 0.27 0.16 0.19 0.16 0.23 0.16 0.21]"
math,wikitypo,Llama-3.1-8B-Instruct,5,"[0.22 0.3  0.25 0.26 0.28 0.28 0.27 0.26 0.31 0.27 0.26 0.3  0.3  0.3
 0.31 0.31 0.31 0.34 0.34 0.26 0.29]"
math,wikitypo,Llama-3.1-8B-Instruct,10,"[0.32 0.32 0.31 0.33 0.33 0.35 0.35 0.33 0.34 0.35 0.38 0.39 0.37 0.37
 0.35 0.37]"
math,wikitypo,Llama-3.1-8B-Instruct,15,[0.34 0.35 0.35 0.36 0.38 0.41 0.39 0.38 0.37 0.37 0.37]
math,wikitypo,Llama-3.1-8B-Instruct,20,[0.39 0.41 0.37 0.37 0.38 0.39]
math,wikitypo,Llama-3.1-8B-Instruct,25,[0.37]
mmlu,wikitypo,Llama-3.1-8B-Instruct,1,"[0.43437205 0.4523135  0.42020774 0.43626062 0.43248347 0.44759207
 0.4598678  0.47025496 0.45420208 0.4381492  0.42492918 0.40982059
 0.44098206 0.44475921 0.43531634 0.45797923 0.43153919 0.45325779
 0.44287063 0.44570349 0.45514636 0.45797923 0.43342776 0.41926346
 0.43531634]"
mmlu,wikitypo,Llama-3.1-8B-Instruct,5,"[0.53446648 0.5401322  0.53918791 0.54390935 0.53729934 0.54107649
 0.54296506 0.54863078 0.53824363 0.52219075 0.53068933 0.5184136
 0.5325779  0.54107649 0.52313503 0.56279509 0.53352219 0.53163362
 0.54579792 0.53635505 0.52880076]"
mmlu,wikitypo,Llama-3.1-8B-Instruct,10,"[0.58545798 0.56657224 0.57979226 0.5694051  0.57129367 0.58451369
 0.58640227 0.57979226 0.57884797 0.5694051  0.55524079 0.56562795
 0.57507082 0.58640227 0.57601511 0.57507082]"
mmlu,wikitypo,Llama-3.1-8B-Instruct,15,"[0.59773371 0.59301228 0.58545798 0.58829084 0.59490085 0.59206799
 0.58829084 0.59301228 0.59584514 0.58262512 0.59017941]"
mmlu,wikitypo,Llama-3.1-8B-Instruct,20,[0.60151086 0.60812087 0.60056657 0.60717658 0.60528801 0.59584514]
mmlu,wikitypo,Llama-3.1-8B-Instruct,25,[0.60717658]
multiarith,wikitypo,Llama-3.1-8B-Instruct,1,"[0.75555556 0.73333333 0.76111111 0.68888889 0.78333333 0.74444444
 0.72777778 0.74444444 0.77222222 0.74444444 0.72777778 0.76666667
 0.70555556 0.66666667 0.72777778 0.70555556 0.78888889 0.73888889
 0.72777778 0.80555556 0.74444444 0.7        0.66666667 0.73333333
 0.77222222]"
multiarith,wikitypo,Llama-3.1-8B-Instruct,5,"[0.98888889 0.98333333 0.95555556 0.88333333 0.91666667 0.89444444
 0.86666667 0.95555556 0.90555556 0.88888889 0.85555556 0.9
 0.82777778 0.91666667 0.96666667 0.97222222 0.97777778 0.97222222
 0.97222222 0.97222222 0.97777778]"
multiarith,wikitypo,Llama-3.1-8B-Instruct,10,"[0.99444444 0.98888889 0.99444444 0.98888889 0.98333333 0.98333333
 0.97222222 0.98333333 0.98333333 0.97777778 0.97222222 0.98333333
 0.97777778 0.98888889 0.98888889 0.98888889]"
multiarith,wikitypo,Llama-3.1-8B-Instruct,15,"[0.99444444 0.99444444 0.99444444 0.99444444 0.99444444 0.99444444
 0.98888889 0.98888889 1.         0.98888889 0.99444444]"
multiarith,wikitypo,Llama-3.1-8B-Instruct,20,[0.99444444 0.99444444 0.99444444 0.99444444 0.99444444 0.99444444]
multiarith,wikitypo,Llama-3.1-8B-Instruct,25,[1.]
gsm,wikitypo,Mistral-7B-Instruct-v0.3,1,"[0.28051554 0.24639879 0.27217589 0.26307809 0.27141774 0.25625474
 0.26990144 0.26307809 0.27369219 0.24336619 0.26990144 0.26307809
 0.26762699 0.26762699 0.26080364 0.25018954 0.26990144 0.26838514
 0.27520849 0.26383624 0.25398029 0.26459439 0.27293404 0.24336619
 0.25928734]"
gsm,wikitypo,Mistral-7B-Instruct-v0.3,5,"[0.36087945 0.3464746  0.36542835 0.358605   0.34116755 0.3328279
 0.34116755 0.34571645 0.33965125 0.3176649  0.3373768  0.33813495
 0.3388931  0.343442   0.3176649  0.32903715 0.3328279  0.3388931
 0.34874905 0.3616376  0.3267627 ]"
gsm,wikitypo,Mistral-7B-Instruct-v0.3,10,"[0.41243366 0.41774071 0.41925701 0.42380591 0.42380591 0.42835481
 0.42683851 0.41849886 0.40940106 0.40864291 0.42304776 0.41698256
 0.42456406 0.43896892 0.41622441 0.41774071]"
gsm,wikitypo,Mistral-7B-Instruct-v0.3,15,"[0.45185747 0.45034117 0.45564822 0.45109932 0.46247157 0.45792267
 0.45337377 0.45413192 0.45261562 0.45034117 0.45185747]"
gsm,wikitypo,Mistral-7B-Instruct-v0.3,20,[0.47081122 0.47536012 0.48142532 0.48294162 0.48066717 0.46474602]
gsm,wikitypo,Mistral-7B-Instruct-v0.3,25,[0.47990902]
math,wikitypo,Mistral-7B-Instruct-v0.3,1,"[0.03 0.04 0.03 0.05 0.04 0.07 0.07 0.06 0.04 0.05 0.08 0.01 0.04 0.05
 0.03 0.03 0.02 0.04 0.02 0.04 0.02 0.07 0.03 0.04 0.04]"
math,wikitypo,Mistral-7B-Instruct-v0.3,5,"[0.06 0.06 0.08 0.11 0.09 0.1  0.1  0.08 0.06 0.08 0.1  0.04 0.05 0.06
 0.04 0.05 0.04 0.05 0.04 0.05 0.05]"
math,wikitypo,Mistral-7B-Instruct-v0.3,10,"[0.07 0.1  0.1  0.11 0.1  0.12 0.1  0.1  0.09 0.11 0.09 0.07 0.07 0.07
 0.05 0.07]"
math,wikitypo,Mistral-7B-Instruct-v0.3,15,[0.1  0.1  0.1  0.12 0.11 0.13 0.1  0.1  0.09 0.1  0.11]
math,wikitypo,Mistral-7B-Instruct-v0.3,20,[0.11 0.12 0.12 0.13 0.12 0.14]
math,wikitypo,Mistral-7B-Instruct-v0.3,25,[0.12]
mmlu,wikitypo,Mistral-7B-Instruct-v0.3,1,"[0.31916903 0.33144476 0.35316336 0.33899906 0.35410765 0.31255902
 0.33333333 0.33522191 0.36355052 0.33522191 0.35410765 0.31255902
 0.33711048 0.33050047 0.33427762 0.33616619 0.34088763 0.33899906
 0.32294618 0.36166195 0.35505194 0.33522191 0.34088763 0.3427762
 0.34749764]"
mmlu,wikitypo,Mistral-7B-Instruct-v0.3,5,"[0.36921624 0.37393768 0.38810198 0.37582625 0.37393768 0.36921624
 0.38526912 0.3720491  0.39754485 0.36921624 0.37582625 0.36543909
 0.36638338 0.38149197 0.37771483 0.38621341 0.38243626 0.39093484
 0.38999056 0.39754485 0.38526912]"
mmlu,wikitypo,Mistral-7B-Instruct-v0.3,10,"[0.39471199 0.39187913 0.39660057 0.37582625 0.38999056 0.38432483
 0.39093484 0.38904627 0.401322   0.39093484 0.39565628 0.40226629
 0.40415486 0.40604344 0.39754485 0.41076487]"
mmlu,wikitypo,Mistral-7B-Instruct-v0.3,15,"[0.4088763  0.40226629 0.39848914 0.39282342 0.39282342 0.39565628
 0.40226629 0.40509915 0.40793201 0.41076487 0.4088763 ]"
mmlu,wikitypo,Mistral-7B-Instruct-v0.3,20,[0.40793201 0.40509915 0.40321058 0.39943343 0.40037771 0.40415486]
mmlu,wikitypo,Mistral-7B-Instruct-v0.3,25,[0.41076487]
multiarith,wikitypo,Mistral-7B-Instruct-v0.3,1,"[0.65555556 0.65555556 0.66111111 0.69444444 0.69444444 0.74444444
 0.70555556 0.73888889 0.69444444 0.73888889 0.76111111 0.70555556
 0.73888889 0.67222222 0.75555556 0.71111111 0.71666667 0.70555556
 0.7        0.75555556 0.67777778 0.65       0.71666667 0.77777778
 0.73888889]"
multiarith,wikitypo,Mistral-7B-Instruct-v0.3,5,"[0.91111111 0.91666667 0.88888889 0.91111111 0.86111111 0.87222222
 0.92222222 0.92222222 0.92222222 0.89444444 0.92222222 0.89444444
 0.91666667 0.92222222 0.95555556 0.92777778 0.93333333 0.91111111
 0.91111111 0.95       0.92777778]"
multiarith,wikitypo,Mistral-7B-Instruct-v0.3,10,"[0.95555556 0.96111111 0.96666667 0.96666667 0.96111111 0.97777778
 0.98888889 0.97222222 0.97222222 0.98333333 0.98888889 0.97777778
 0.98888889 0.98888889 0.99444444 0.97777778]"
multiarith,wikitypo,Mistral-7B-Instruct-v0.3,15,"[0.97777778 0.98333333 0.99444444 0.98333333 0.98888889 0.97777778
 0.98888889 0.99444444 0.99444444 0.99444444 0.99444444]"
multiarith,wikitypo,Mistral-7B-Instruct-v0.3,20,[0.98333333 0.98888889 0.98333333 0.98888889 0.98888889 0.99444444]
multiarith,wikitypo,Mistral-7B-Instruct-v0.3,25,[1.]
gsm,wikitypo,Qwen3-14B,1,"[0.74298711 0.75435936 0.74981046 0.74905231 0.73237301 0.75056861
 0.74374526 0.74981046 0.74677786 0.75132676 0.73768006 0.73692191
 0.77179682 0.74677786 0.76042456 0.73692191 0.75815011 0.73843821
 0.75435936 0.75132676 0.74677786 0.75890826 0.75890826 0.76269901
 0.74753601]"
gsm,wikitypo,Qwen3-14B,5,"[0.80818802 0.81197877 0.81273692 0.80667172 0.79833207 0.79529947
 0.80667172 0.79757392 0.80970432 0.81425322 0.81349507 0.81652767
 0.81804397 0.80742987 0.80742987 0.80136467 0.80970432 0.81273692
 0.80667172 0.81197877 0.80894617]"
gsm,wikitypo,Qwen3-14B,10,"[0.81880212 0.82031842 0.82638362 0.82562547 0.82031842 0.82335102
 0.82941622 0.82638362 0.82335102 0.82486732 0.82562547 0.82410917
 0.83017437 0.82410917 0.82486732 0.82410917]"
gsm,wikitypo,Qwen3-14B,15,"[0.82865807 0.83093252 0.83320697 0.82941622 0.82941622 0.82789992
 0.82865807 0.83017437 0.82638362 0.83244882 0.82941622]"
gsm,wikitypo,Qwen3-14B,20,[0.83548143 0.83775588 0.83244882 0.82941622 0.83396513 0.83169067]
gsm,wikitypo,Qwen3-14B,25,[0.83699773]
math,wikitypo,Qwen3-14B,1,"[0.48 0.43 0.45 0.47 0.42 0.43 0.45 0.48 0.47 0.43 0.43 0.48 0.45 0.45
 0.39 0.4  0.44 0.43 0.47 0.47 0.44 0.4  0.46 0.43 0.45]"
math,wikitypo,Qwen3-14B,5,"[0.54 0.53 0.57 0.56 0.53 0.54 0.56 0.54 0.55 0.54 0.52 0.54 0.52 0.51
 0.5  0.53 0.52 0.51 0.53 0.52 0.55]"
math,wikitypo,Qwen3-14B,10,"[0.6  0.59 0.59 0.58 0.58 0.59 0.6  0.57 0.58 0.59 0.57 0.59 0.58 0.57
 0.57 0.56]"
math,wikitypo,Qwen3-14B,15,[0.62 0.61 0.61 0.61 0.62 0.63 0.64 0.63 0.62 0.62 0.6 ]
math,wikitypo,Qwen3-14B,20,[0.65 0.64 0.64 0.64 0.65 0.65]
math,wikitypo,Qwen3-14B,25,[0.66]
mmlu,wikitypo,Qwen3-14B,1,"[0.7809254  0.78375826 0.78942398 0.77620397 0.79320113 0.78753541
 0.79320113 0.79225685 0.80358829 0.78564684 0.79886686 0.79131256
 0.77525968 0.79131256 0.78281398 0.79886686 0.79981114 0.78470255
 0.802644   0.77809254 0.79036827 0.77714825 0.77714825 0.77809254
 0.77998111]"
mmlu,wikitypo,Qwen3-14B,5,"[0.79981114 0.79792257 0.79508971 0.79320113 0.80075543 0.802644
 0.81491974 0.81208687 0.79981114 0.79508971 0.80169972 0.80642115
 0.80453258 0.80736544 0.80736544 0.8101983  0.81397545 0.80642115
 0.80358829 0.80169972 0.79320113]"
mmlu,wikitypo,Qwen3-14B,10,"[0.80358829 0.80453258 0.802644   0.80075543 0.80358829 0.80547686
 0.81208687 0.81208687 0.80925401 0.80642115 0.80830973 0.80830973
 0.80169972 0.80830973 0.802644   0.79981114]"
mmlu,wikitypo,Qwen3-14B,15,"[0.80169972 0.80075543 0.80830973 0.802644   0.80736544 0.80925401
 0.81208687 0.81303116 0.8101983  0.80075543 0.80075543]"
mmlu,wikitypo,Qwen3-14B,20,[0.80642115 0.80642115 0.80358829 0.79981114 0.80547686 0.80358829]
mmlu,wikitypo,Qwen3-14B,25,[0.80453258]
multiarith,wikitypo,Qwen3-14B,1,"[0.98333333 0.96111111 0.98333333 0.98333333 0.96666667 0.97222222
 0.98888889 0.97777778 0.96666667 0.97222222 0.98333333 0.97222222
 0.98333333 0.99444444 0.98333333 0.98333333 0.95555556 0.98333333
 0.97222222 0.98888889 0.98333333 0.96666667 0.97222222 0.98888889
 0.98888889]"
multiarith,wikitypo,Qwen3-14B,5,"[0.99444444 0.99444444 0.99444444 0.99444444 0.99444444 0.99444444
 1.         0.99444444 1.         1.         1.         1.
 1.         1.         0.99444444 0.99444444 0.99444444 0.99444444
 0.99444444 1.         1.        ]"
multiarith,wikitypo,Qwen3-14B,10,"[0.99444444 0.99444444 0.99444444 0.99444444 1.         1.
 1.         1.         1.         1.         1.         0.99444444
 1.         1.         0.99444444 1.        ]"
multiarith,wikitypo,Qwen3-14B,15,"[1.         1.         1.         1.         0.99444444 1.
 1.         0.99444444 1.         1.         1.        ]"
multiarith,wikitypo,Qwen3-14B,20,[0.99444444 0.99444444 0.99444444 1.         1.         1.        ]
multiarith,wikitypo,Qwen3-14B,25,[1.]
gsm,wikitypo,Qwen3-4B,1,"[0.57771039 0.58377559 0.56785444 0.56103108 0.56406368 0.58832449
 0.56482183 0.56482183 0.58377559 0.57316149 0.57543594 0.57846854
 0.58453374 0.56557998 0.55951478 0.55951478 0.59059894 0.58605004
 0.57695224 0.57998484 0.57619409 0.56027293 0.56861259 0.56103108
 0.56406368]"
gsm,wikitypo,Qwen3-4B,5,"[0.6641395  0.68309325 0.68157695 0.6793025  0.6777862  0.67854435
 0.671721   0.67096285 0.65883245 0.66186505 0.656558   0.66489765
 0.671721   0.68460955 0.6732373  0.68157695 0.6762699  0.6611069
 0.6474602  0.6641395  0.66338135]"
gsm,wikitypo,Qwen3-4B,10,"[0.6990144  0.69673995 0.70128886 0.70280516 0.70887036 0.70811221
 0.6990144  0.70356331 0.70811221 0.6959818  0.6974981  0.70735406
 0.70507961 0.70507961 0.6974981  0.6974981 ]"
gsm,wikitypo,Qwen3-4B,15,"[0.70128886 0.70659591 0.70887036 0.71190296 0.71645186 0.71872631
 0.70962851 0.71796816 0.71872631 0.70887036 0.71190296]"
gsm,wikitypo,Qwen3-4B,20,[0.71417741 0.71417741 0.71417741 0.71948446 0.72100076 0.71645186]
gsm,wikitypo,Qwen3-4B,25,[0.72175891]
math,wikitypo,Qwen3-4B,1,"[0.41 0.42 0.39 0.46 0.38 0.46 0.43 0.41 0.42 0.39 0.39 0.4  0.34 0.46
 0.42 0.47 0.36 0.46 0.39 0.48 0.35 0.38 0.41 0.38 0.4 ]"
math,wikitypo,Qwen3-4B,5,"[0.57 0.56 0.54 0.54 0.52 0.56 0.52 0.51 0.52 0.52 0.51 0.52 0.53 0.53
 0.49 0.56 0.53 0.56 0.52 0.59 0.53]"
math,wikitypo,Qwen3-4B,10,"[0.61 0.6  0.6  0.6  0.59 0.59 0.59 0.57 0.58 0.59 0.59 0.61 0.61 0.62
 0.6  0.61]"
math,wikitypo,Qwen3-4B,15,[0.63 0.62 0.63 0.63 0.63 0.63 0.62 0.61 0.63 0.62 0.63]
math,wikitypo,Qwen3-4B,20,[0.64 0.63 0.64 0.64 0.64 0.64]
math,wikitypo,Qwen3-4B,25,[0.65]
mmlu,wikitypo,Qwen3-4B,1,"[0.76203966 0.74976393 0.7667611  0.76298395 0.76298395 0.75731822
 0.77242682 0.76864967 0.75731822 0.77809254 0.7592068  0.76959396
 0.7592068  0.77998111 0.76770538 0.77620397 0.77242682 0.76864967
 0.77053824 0.76392823 0.75637394 0.75826251 0.76109537 0.7592068
 0.76203966]"
mmlu,wikitypo,Qwen3-4B,5,"[0.79320113 0.78470255 0.78564684 0.79320113 0.7884797  0.79131256
 0.79603399 0.79036827 0.79225685 0.79508971 0.79225685 0.80075543
 0.80169972 0.79697828 0.80453258 0.79414542 0.79320113 0.77809254
 0.78470255 0.78659112 0.78470255]"
mmlu,wikitypo,Qwen3-4B,10,"[0.79508971 0.78659112 0.78375826 0.79414542 0.79414542 0.78375826
 0.79886686 0.79603399 0.79792257 0.79792257 0.79981114 0.80075543
 0.80075543 0.79792257 0.79414542 0.79792257]"
mmlu,wikitypo,Qwen3-4B,15,"[0.79036827 0.79697828 0.79414542 0.79508971 0.79603399 0.79225685
 0.79603399 0.79981114 0.79414542 0.79225685 0.79414542]"
mmlu,wikitypo,Qwen3-4B,20,[0.79320113 0.79414542 0.79603399 0.79036827 0.79508971 0.79036827]
mmlu,wikitypo,Qwen3-4B,25,[0.79508971]
multiarith,wikitypo,Qwen3-4B,1,"[0.98333333 0.98333333 0.97777778 0.96111111 0.95555556 0.98333333
 0.95555556 0.95       0.98888889 0.96666667 0.97222222 0.96666667
 0.98888889 0.98333333 0.98888889 0.97777778 0.95555556 0.95
 0.96111111 0.94444444 0.96111111 0.97222222 0.95       0.95555556
 0.96666667]"
multiarith,wikitypo,Qwen3-4B,5,"[0.99444444 0.99444444 1.         1.         0.99444444 1.
 0.99444444 1.         1.         1.         1.         1.
 1.         1.         1.         0.98888889 0.99444444 0.99444444
 1.         1.         1.        ]"
multiarith,wikitypo,Qwen3-4B,10,"[0.99444444 1.         1.         1.         1.         1.
 1.         1.         1.         1.         1.         1.
 1.         1.         1.         1.        ]"
multiarith,wikitypo,Qwen3-4B,15,[1. 1. 1. 1. 1. 1. 1. 1. 1. 1. 1.]
multiarith,wikitypo,Qwen3-4B,20,[1. 1. 1. 1. 1. 1.]
multiarith,wikitypo,Qwen3-4B,25,[1.]
